Number,Name,Size(m),Weight(lb),Weight(kg),PokedexColor,Type1,Type2,Evolution,HP,Atk,Def,S.Atk,S.Def,Habilidade1,Habilidade2,Habilidade2,NormalDamage,FireDamage,WaterDamage,ElectricDamage,GrassDamage,IceDamage,FightingDamage,PoisonDamage,GroundDamage,FlyingDamage,PsychcDamage,BugDamage,RockDamage,GhostDamage,DragonDamage,DarkDamage,SteelDamage,FairyDamage
1,Bulbasaur,0.7,15.2,6.9, Green,Grass,Poison,"[2, 3]",45.0,49.0,49.0,65.0,65.0,Overgrow,Chlorophyll,,*1,*2,*0.5,*0.5,*0.25,*2,*0.5,*1,*1,*2,*2,*1,*1,*1,*1,*1,*1,*0.5
2,Ivysaur,1.0,28.7,13.0, Green,Grass,Poison,[3],60.0,62.0,63.0,80.0,80.0,Overgrow,Chlorophyll,,*1,*2,*0.5,*0.5,*0.25,*2,*0.5,*1,*1,*2,*2,*1,*1,*1,*1,*1,*1,*0.5
3,Venusaur,2.0,220.5,100.0, Green,Grass,Poison,[],80.0,82.0,83.0,100.0,100.0,Overgrow,Chlorophyll,,*1,*2,*0.5,*0.5,*0.25,*2,*0.5,*1,*1,*2,*2,*1,*1,*1,*1,*1,*1,*0.5
4,Charmander,0.6,18.7,8.5, Red,Fire,,"[5, 6]",39.0,52.0,43.0,60.0,60.0,Blaze,Solar Power,,*1,*0.5,*2,*1,*0.5,*0.5,*1,*1,*2,*1,*1,*0.5,*2,*1,*1,*1,*0.5,*0.5
5,Charmeleon,1.1,41.9,19.0, Red,Fire,,[6],58.0,64.0,58.0,80.0,80.0,Blaze,Solar Power,,*1,*0.5,*2,*1,*0.5,*0.5,*1,*1,*2,*1,*1,*0.5,*2,*1,*1,*1,*0.5,*0.5
6,Charizard,1.7,199.5,90.5, Red,Fire,Flying,[],78.0,84.0,78.0,109.0,109.0,Blaze,Solar Power,,*1,*0.5,*2,*2,*0.25,*1,*0.5,*1,*0,*1,*1,*0.25,*4,*1,*1,*1,*0.5,*0.5
7,Squirtle,0.5,19.8,9.0, Blue,Water,,"[8, 9]",44.0,48.0,65.0,50.0,50.0,Torrent,Rain Dish,,*1,*0.5,*0.5,*2,*2,*0.5,*1,*1,*1,*1,*1,*1,*1,*1,*1,*1,*0.5,*1
8,Wartortle,1.0,49.6,22.5, Blue,Water,,[9],59.0,63.0,80.0,65.0,65.0,Torrent,Rain Dish,,*1,*0.5,*0.5,*2,*2,*0.5,*1,*1,*1,*1,*1,*1,*1,*1,*1,*1,*0.5,*1
9,Blastoise,1.6,188.5,85.5, Blue,Water,,[],79.0,83.0,100.0,85.0,85.0,Torrent,Rain Dish,,*1,*0.5,*0.5,*2,*2,*0.5,*1,*1,*1,*1,*1,*1,*1,*1,*1,*1,*0.5,*1
10,Caterpie,0.3,6.4,2.9, Green,Bug,,"[11, 12]",45.0,30.0,35.0,20.0,20.0,Shield Dust,Run Away,,*1,*2,*1,*1,*0.5,*1,*0.5,*1,*0.5,*2,*1,*1,*2,*1,*1,*1,*1,*1
11,Metapod,,,,,Bug,,[12],50.0,20.0,55.0,25.0,25.0,Shed Skin,,,*1,*2,*1,*1,*0.5,*1,*0.5,*1,*0.5,*2,*1,*1,*2,*1,*1,*1,*1,*1
12,Butterfree,1.1,70.5,32.0, White,Bug,Flying,[],60.0,45.0,50.0,90.0,90.0,Compoundeyes,Tinted Lens,,*1,*2,*1,*2,*0.25,*2,*0.25,*1,*0,*2,*1,*0.5,*4,*1,*1,*1,*1,*1
13,Weedle,0.3,7.1,3.2, Brown,Bug,Poison,"[14, 15]",40.0,35.0,30.0,20.0,20.0,Shield Dust,Run Away,,*1,*2,*1,*1,*0.25,*1,*0.25,*0.5,*1,*2,*2,*0.5,*2,*1,*1,*1,*1,*0.5
14,Kakuna,,,,,Bug,Poison,[15],45.0,25.0,50.0,25.0,25.0,Shed Skin,,,*1,*2,*1,*1,*0.25,*1,*0.25,*0.5,*1,*2,*2,*0.5,*2,*1,*1,*1,*1,*0.5
15,Beedrill,1.0,65.0,29.5, Yellow,Bug,Poison,[],65.0,90.0,40.0,45.0,45.0,Swarm,Sniper,,*1,*2,*1,*1,*0.25,*1,*0.25,*0.5,*1,*2,*2,*0.5,*2,*1,*1,*1,*1,*0.5
16,Pidgey,0.3,4.0,1.8, Brown,Normal,Flying,"[17, 18]",40.0,45.0,40.0,35.0,35.0,Keen Eye,Tangled Feet,Big Pecks,*1,*1,*1,*2,*0.5,*2,*1,*1,*0,*1,*1,*0.5,*2,*0,*1,*1,*1,*1
17,Pidgeotto,1.1,66.1,30.0, Brown,Normal,Flying,[18],63.0,60.0,55.0,50.0,50.0,Keen Eye,Tangled Feet,Big Pecks,*1,*1,*1,*2,*0.5,*2,*1,*1,*0,*1,*1,*0.5,*2,*0,*1,*1,*1,*1
18,Pidgeot,1.5,87.1,39.5, Brown,Normal,Flying,[],83.0,80.0,75.0,70.0,70.0,Keen Eye,Tangled Feet,Big Pecks,*1,*1,*1,*2,*0.5,*2,*1,*1,*0,*1,*1,*0.5,*2,*0,*1,*1,*1,*1
19,Rattata,0.3,7.7,3.5, Purple,Normal,,[20],30.0,56.0,35.0,25.0,25.0,Run Away,Guts,Hustle,*1,*1,*1,*1,*1,*1,*2,*1,*1,*1,*1,*1,*1,*0,*1,*1,*1,*1
20,Raticate,0.7,40.8,18.5, Brown,Normal,,[],55.0,81.0,60.0,50.0,50.0,Run Away,Guts,Hustle,*1,*1,*1,*1,*1,*1,*2,*1,*1,*1,*1,*1,*1,*0,*1,*1,*1,*1
21,Spearow,0.3,4.4,2.0, Brown,Normal,Flying,,,,,,,,,,,,,,,,,,,,,,,,,,,
22,Fearow,1.2,83.8,38.0, Brown,Normal,Flying,,,,,,,,,,,,,,,,,,,,,,,,,,,
23,Ekans,2.0,15.2,6.9, Purple,Poison,,,,,,,,,,,,,,,,,,,,,,,,,,,,
24,Arbok,3.5,143.3,65.0, Purple,Poison,,,,,,,,,,,,,,,,,,,,,,,,,,,,
25,Pikachu,0.4,13.2,6.0, Yellow,Electric,,,,,,,,,,,,,,,,,,,,,,,,,,,,
26,Raichu,0.8,66.1,30.0, Yellow,Electric,,,,,,,,,,,,,,,,,,,,,,,,,,,,
27,Sandshrew,0.6,26.5,12.0, Yellow,Ground,,,,,,,,,,,,,,,,,,,,,,,,,,,,
28,Sandslash,1.0,65.0,29.5, Yellow,Ground,,,,,,,,,,,,,,,,,,,,,,,,,,,,
29,Nidoran♀,0.4,15.4,7.0, Blue,Poison,,,,,,,,,,,,,,,,,,,,,,,,,,,,
30,Nidorina,0.8,44.1,20.0, Blue,Poison,,,,,,,,,,,,,,,,,,,,,,,,,,,,
31,Nidoqueen,1.3,132.3,60.0, Blue,Poison,Ground,,,,,,,,,,,,,,,,,,,,,,,,,,,
32,Nidoran♂,0.5,19.8,9.0, Purple,Poison,,,,,,,,,,,,,,,,,,,,,,,,,,,,
33,Nidorino,0.9,43.0,19.5, Purple,Poison,,,,,,,,,,,,,,,,,,,,,,,,,,,,
34,Nidoking,1.4,136.7,62.0, Purple,Poison,Ground,,,,,,,,,,,,,,,,,,,,,,,,,,,
35,Clefairy,0.6,16.5,7.5, Pink,Fairy,,,,,,,,,,,,,,,,,,,,,,,,,,,,
36,Clefable,1.3,88.2,40.0, Pink,Fairy,,,,,,,,,,,,,,,,,,,,,,,,,,,,
37,Vulpix,0.6,21.8,9.9, Brown,Fire,,,,,,,,,,,,,,,,,,,,,,,,,,,,
38,Ninetales,1.1,43.9,19.9, Yellow,Fire,,,,,,,,,,,,,,,,,,,,,,,,,,,,
39,Jigglypuff,0.5,12.1,5.5, Pink,Normal,Fairy,,,,,,,,,,,,,,,,,,,,,,,,,,,
40,Wigglytuff,1.0,26.5,12.0, Pink,Normal,Fairy,,,,,,,,,,,,,,,,,,,,,,,,,,,
41,Zubat,0.8,16.5,7.5, Purple,Poison,Flying,,,,,,,,,,,,,,,,,,,,,,,,,,,
42,Golbat,1.6,121.3,55.0, Purple,Poison,Flying,,,,,,,,,,,,,,,,,,,,,,,,,,,
43,Oddish,0.5,11.9,5.4, Blue,Grass,Poison,,,,,,,,,,,,,,,,,,,,,,,,,,,
44,Gloom,0.8,19.0,8.6, Blue,Grass,Poison,,,,,,,,,,,,,,,,,,,,,,,,,,,
45,Vileplume,1.2,41.0,18.6, Red,Grass,Poison,,,,,,,,,,,,,,,,,,,,,,,,,,,
46,Paras,0.3,11.9,5.4, Red,Bug,Grass,,,,,,,,,,,,,,,,,,,,,,,,,,,
47,Parasect,1.0,65.0,29.5, Red,Bug,Grass,,,,,,,,,,,,,,,,,,,,,,,,,,,
48,Venonat,1.0,66.1,30.0, Purple,Bug,Poison,,,,,,,,,,,,,,,,,,,,,,,,,,,
49,Venomoth,1.5,27.6,12.5, Purple,Bug,Poison,,,,,,,,,,,,,,,,,,,,,,,,,,,
50,Diglett,0.2,1.8,0.8, Brown,Ground,,,,,,,,,,,,,,,,,,,,,,,,,,,,
51,Dugtrio,0.7,73.4,33.3, Brown,Ground,,,,,,,,,,,,,,,,,,,,,,,,,,,,
52,Meowth,0.4,9.3,4.2, Yellow,Normal,,,,,,,,,,,,,,,,,,,,,,,,,,,,
53,Persian,1.0,70.5,32.0, Yellow,Normal,,,,,,,,,,,,,,,,,,,,,,,,,,,,
54,Psyduck,0.8,43.2,19.6, Yellow,Water,,,,,,,,,,,,,,,,,,,,,,,,,,,,
55,Golduck,1.7,168.9,76.6, Blue,Water,,,,,,,,,,,,,,,,,,,,,,,,,,,,
56,Mankey,0.5,61.7,28.0, Brown,Fighting,,,,,,,,,,,,,,,,,,,,,,,,,,,,
57,Primeape,1.0,70.5,32.0, Brown,Fighting,,,,,,,,,,,,,,,,,,,,,,,,,,,,
58,Growlithe,0.7,41.9,19.0, Brown,Fire,,,,,,,,,,,,,,,,,,,,,,,,,,,,
59,Arcanine,1.9,341.7,155.0, Brown,Fire,,,,,,,,,,,,,,,,,,,,,,,,,,,,
60,Poliwag,0.6,27.3,12.4, Blue,Water,,,,,,,,,,,,,,,,,,,,,,,,,,,,
61,Poliwhirl,1.0,44.1,20.0, Blue,Water,,,,,,,,,,,,,,,,,,,,,,,,,,,,
62,Poliwrath,1.3,119.0,54.0, Blue,Water,Fighting,,,,,,,,,,,,,,,,,,,,,,,,,,,
63,Abra,0.9,43.0,19.5, Brown,Psychic,,,,,,,,,,,,,,,,,,,,,,,,,,,,
64,Kadabra,1.3,124.6,56.5, Brown,Psychic,,,,,,,,,,,,,,,,,,,,,,,,,,,,
65,Alakazam,1.5,105.8,48.0, Brown,Psychic,,,,,,,,,,,,,,,,,,,,,,,,,,,,
66,Machop,0.8,43.0,19.5, Gray,Fighting,,,,,,,,,,,,,,,,,,,,,,,,,,,,
67,Machoke,1.5,155.4,70.5, Gray,Fighting,,,,,,,,,,,,,,,,,,,,,,,,,,,,
68,Machamp,1.6,286.6,130.0, Gray,Fighting,,,,,,,,,,,,,,,,,,,,,,,,,,,,
69,Bellsprout,0.7,8.8,4.0, Green,Grass,Poison,,,,,,,,,,,,,,,,,,,,,,,,,,,
70,Weepinbell,1.0,14.1,6.4, Green,Grass,Poison,,,,,,,,,,,,,,,,,,,,,,,,,,,
71,Victreebel,1.7,34.2,15.5, Green,Grass,Poison,,,,,,,,,,,,,,,,,,,,,,,,,,,
72,Tentacool,0.9,100.3,45.5, Blue,Water,Poison,,,,,,,,,,,,,,,,,,,,,,,,,,,
73,Tentacruel,1.6,121.3,55.0, Blue,Water,Poison,,,,,,,,,,,,,,,,,,,,,,,,,,,
74,Geodude,0.4,44.1,20.0, Brown,Rock,Ground,,,,,,,,,,,,,,,,,,,,,,,,,,,
75,Graveler,1.0,231.5,105.0, Brown,Rock,Ground,,,,,,,,,,,,,,,,,,,,,,,,,,,
76,Golem,1.4,661.4,300.0, Brown,Rock,Ground,,,,,,,,,,,,,,,,,,,,,,,,,,,
77,Ponyta,1.0,66.1,30.0, Yellow,Fire,,,,,,,,,,,,,,,,,,,,,,,,,,,,
78,Rapidash,1.7,209.4,95.0, Yellow,Fire,,,,,,,,,,,,,,,,,,,,,,,,,,,,
79,Slowpoke,1.2,79.4,36.0, Pink,Water,Psychic,,,,,,,,,,,,,,,,,,,,,,,,,,,
80,Slowbro,1.6,173.1,78.5, Pink,Water,Psychic,,,,,,,,,,,,,,,,,,,,,,,,,,,
81,Magnemite,0.3,13.2,6.0, Gray,Electric,Steel,,,,,,,,,,,,,,,,,,,,,,,,,,,
82,Magneton,1.0,132.3,60.0, Gray,Electric,Steel,,,,,,,,,,,,,,,,,,,,,,,,,,,
83,Farfetch'd,0.8,33.1,15.0, Brown,Normal,Flying,,,,,,,,,,,,,,,,,,,,,,,,,,,
84,Doduo,1.4,86.4,39.2, Brown,Normal,Flying,,,,,,,,,,,,,,,,,,,,,,,,,,,
85,Dodrio,1.8,187.8,85.2, Brown,Normal,Flying,,,,,,,,,,,,,,,,,,,,,,,,,,,
86,Seel,1.1,198.4,90.0, White,Water,,,,,,,,,,,,,,,,,,,,,,,,,,,,
87,Dewgong,1.7,264.6,120.0, White,Water,Ice,,,,,,,,,,,,,,,,,,,,,,,,,,,
88,Grimer,0.9,66.1,30.0, Purple,Poison,,,,,,,,,,,,,,,,,,,,,,,,,,,,
89,Muk,1.2,66.1,30.0, Purple,Poison,,,,,,,,,,,,,,,,,,,,,,,,,,,,
90,Shellder,0.3,8.8,4.0, Purple,Water,,,,,,,,,,,,,,,,,,,,,,,,,,,,
91,Cloyster,1.5,292.1,132.5, Purple,Water,Ice,,,,,,,,,,,,,,,,,,,,,,,,,,,
92,Gastly,,,,,Ghost,Poison,,,,,,,,,,,,,,,,,,,,,,,,,,,
93,Haunter,,,,,Ghost,Poison,,,,,,,,,,,,,,,,,,,,,,,,,,,
94,Gengar,1.5,89.3,40.5, Purple,Ghost,Poison,,,,,,,,,,,,,,,,,,,,,,,,,,,
95,Onix,8.8,463.0,210.0, Gray,Rock,Ground,,,,,,,,,,,,,,,,,,,,,,,,,,,
96,Drowzee,1.0,71.4,32.4, Yellow,Psychic,,,,,,,,,,,,,,,,,,,,,,,,,,,,
97,Hypno,1.6,166.7,75.6, Yellow,Psychic,,,,,,,,,,,,,,,,,,,,,,,,,,,,
98,Krabby,0.4,14.3,6.5, Red,Water,,,,,,,,,,,,,,,,,,,,,,,,,,,,
99,Kingler,1.3,132.3,60.0, Red,Water,,,,,,,,,,,,,,,,,,,,,,,,,,,,
100,Voltorb,0.5,22.9,10.4, Red,Electric,,,,,,,,,,,,,,,,,,,,,,,,,,,,
101,Electrode,1.2,146.8,66.6, Red,Electric,,,,,,,,,,,,,,,,,,,,,,,,,,,,
102,Exeggcute,0.4,5.5,2.5, Pink,Grass,Psychic,,,,,,,,,,,,,,,,,,,,,,,,,,,
103,Exeggutor,2.0,264.6,120.0, Yellow,Grass,Psychic,,,,,,,,,,,,,,,,,,,,,,,,,,,
104,Cubone,0.4,14.3,6.5, Brown,Ground,,,,,,,,,,,,,,,,,,,,,,,,,,,,
105,Marowak,1.0,99.2,45.0, Brown,Ground,,,,,,,,,,,,,,,,,,,,,,,,,,,,
106,Hitmonlee,1.5,109.8,49.8, Brown,Fighting,,,,,,,,,,,,,,,,,,,,,,,,,,,,
107,Hitmonchan,1.4,110.7,50.2, Brown,Fighting,,,,,,,,,,,,,,,,,,,,,,,,,,,,
108,Lickitung,1.2,144.4,65.5, Pink,Normal,,,,,,,,,,,,,,,,,,,,,,,,,,,,
109,Koffing,0.6,2.2,1.0, Purple,Poison,,,,,,,,,,,,,,,,,,,,,,,,,,,,
110,Weezing,1.2,20.9,9.5, Purple,Poison,,,,,,,,,,,,,,,,,,,,,,,,,,,,
111,Rhyhorn,1.0,253.5,115.0, Gray,Ground,Rock,,,,,,,,,,,,,,,,,,,,,,,,,,,
112,Rhydon,1.9,264.6,120.0, Gray,Ground,Rock,,,,,,,,,,,,,,,,,,,,,,,,,,,
114,Tangela,1.0,77.2,35.0, Blue,Grass,,,,,,,,,,,,,,,,,,,,,,,,,,,,
115,Kangaskhan,2.2,176.4,80.0, Brown,Normal,,,,,,,,,,,,,,,,,,,,,,,,,,,,
116,Horsea,0.4,17.6,8.0, Blue,Water,,,,,,,,,,,,,,,,,,,,,,,,,,,,
117,Seadra,1.2,55.1,25.0, Blue,Water,,,,,,,,,,,,,,,,,,,,,,,,,,,,
118,Goldeen,0.6,33.1,15.0, Red,Water,,,,,,,,,,,,,,,,,,,,,,,,,,,,
119,Seaking,1.3,86.0,39.0, Red,Water,,,,,,,,,,,,,,,,,,,,,,,,,,,,
120,Staryu,0.8,76.1,34.5, Brown,Water,,,,,,,,,,,,,,,,,,,,,,,,,,,,
121,Starmie,1.1,176.4,80.0, Purple,Water,Psychic,,,,,,,,,,,,,,,,,,,,,,,,,,,
122,Mr. Mime,1.3,120.2,54.5, Pink,Psychic,Fairy,,,,,,,,,,,,,,,,,,,,,,,,,,,
123,Scyther,1.5,123.5,56.0, Green,Bug,Flying,,,,,,,,,,,,,,,,,,,,,,,,,,,
124,Jynx,1.4,89.5,40.6, Red,Ice,Psychic,,,,,,,,,,,,,,,,,,,,,,,,,,,
125,Electabuzz,1.1,66.1,30.0, Yellow,Electric,,,,,,,,,,,,,,,,,,,,,,,,,,,,
126,Magmar,1.3,98.1,44.5, Red,Fire,,,,,,,,,,,,,,,,,,,,,,,,,,,,
127,Pinsir,1.5,121.3,55.0, Brown,Bug,,,,,,,,,,,,,,,,,,,,,,,,,,,,
128,Tauros,1.4,194.9,88.4, Brown,Normal,,,,,,,,,,,,,,,,,,,,,,,,,,,,
129,Magikarp,0.9,22.0,10.0, Red,Water,,,,,,,,,,,,,,,,,,,,,,,,,,,,
130,Gyarados,6.5,518.1,235.0, Blue,Water,Flying,,,,,,,,,,,,,,,,,,,,,,,,,,,
131,Lapras,2.5,485.0,220.0, Blue,Water,Ice,,,,,,,,,,,,,,,,,,,,,,,,,,,
132,Ditto,0.3,8.8,4.0, Purple,Normal,,,,,,,,,,,,,,,,,,,,,,,,,,,,
133,Eevee,0.3,14.3,6.5, Brown,Normal,,,,,,,,,,,,,,,,,,,,,,,,,,,,
134,Vaporeon,1.0,63.9,29.0, Blue,Water,,,,,,,,,,,,,,,,,,,,,,,,,,,,
135,Jolteon,0.8,54.0,24.5, Yellow,Electric,,,,,,,,,,,,,,,,,,,,,,,,,,,,
136,Flareon,0.9,55.1,25.0, Red,Fire,,,,,,,,,,,,,,,,,,,,,,,,,,,,
137,Porygon,0.8,80.5,36.5, Pink,Normal,,,,,,,,,,,,,,,,,,,,,,,,,,,,
138,Omanyte,0.4,16.5,7.5, Blue,Rock,Water,,,,,,,,,,,,,,,,,,,,,,,,,,,
139,Omastar,1.0,77.2,35.0, Blue,Rock,Water,,,,,,,,,,,,,,,,,,,,,,,,,,,
140,Kabuto,0.5,25.4,11.5, Brown,Rock,Water,,,,,,,,,,,,,,,,,,,,,,,,,,,
141,Kabutops,1.3,89.3,40.5, Brown,Rock,Water,,,,,,,,,,,,,,,,,,,,,,,,,,,
142,Aerodactyl,1.8,130.1,59.0, Purple,Rock,Flying,,,,,,,,,,,,,,,,,,,,,,,,,,,
143,Snorlax,2.1,1014.1,460.0, Black,Normal,,,,,,,,,,,,,,,,,,,,,,,,,,,,
144,Articuno,1.7,122.1,55.4, Blue,Ice,Flying,,,,,,,,,,,,,,,,,,,,,,,,,,,
145,Zapdos,1.6,116.0,52.6, Yellow,Electric,Flying,,,,,,,,,,,,,,,,,,,,,,,,,,,
146,Moltres,2.0,132.3,60.0, Yellow,Fire,Flying,,,,,,,,,,,,,,,,,,,,,,,,,,,
147,Dratini,1.8,7.3,3.3, Blue,Dragon,,,,,,,,,,,,,,,,,,,,,,,,,,,,
148,Dragonair,4.0,36.4,16.5, Blue,Dragon,,,,,,,,,,,,,,,,,,,,,,,,,,,,
149,Dragonite,2.2,463.0,210.0, Brown,Dragon,Flying,,,,,,,,,,,,,,,,,,,,,,,,,,,
150,Mewtwo,2.0,269.0,122.0, Purple,Psychic,,,,,,,,,,,,,,,,,,,,,,,,,,,,
151,Mew,,,,,Psychic,,,,,,,,,,,,,,,,,,,,,,,,,,,,
152,Chikorita,0.9,14.1,6.4, Green,Grass,,,,,,,,,,,,,,,,,,,,,,,,,,,,
153,Bayleef,1.2,34.8,15.8, Green,Grass,,,,,,,,,,,,,,,,,,,,,,,,,,,,
154,Meganium,1.8,221.6,100.5, Green,Grass,,,,,,,,,,,,,,,,,,,,,,,,,,,,
155,Cyndaquil,0.5,17.4,7.9, Yellow,Fire,,,,,,,,,,,,,,,,,,,,,,,,,,,,
156,Quilava,0.9,41.9,19.0, Yellow,Fire,,,,,,,,,,,,,,,,,,,,,,,,,,,,
157,Typhlosion,1.7,175.3,79.5, Yellow,Fire,,,,,,,,,,,,,,,,,,,,,,,,,,,,
158,Totodile,0.6,20.9,9.5, Blue,Water,,,,,,,,,,,,,,,,,,,,,,,,,,,,
159,Croconaw,1.1,55.1,25.0, Blue,Water,,,,,,,,,,,,,,,,,,,,,,,,,,,,
160,Feraligatr,2.3,195.8,88.8, Blue,Water,,,,,,,,,,,,,,,,,,,,,,,,,,,,
161,Sentret,0.8,13.2,6.0, Brown,Normal,,,,,,,,,,,,,,,,,,,,,,,,,,,,
162,Furret,1.8,71.7,32.5, Brown,Normal,,,,,,,,,,,,,,,,,,,,,,,,,,,,
163,Hoothoot,0.7,46.7,21.2, Brown,Normal,Flying,,,,,,,,,,,,,,,,,,,,,,,,,,,
164,Noctowl,1.6,89.9,40.8, Brown,Normal,Flying,,,,,,,,,,,,,,,,,,,,,,,,,,,
165,Ledyba,1.0,23.8,10.8, Red,Bug,Flying,,,,,,,,,,,,,,,,,,,,,,,,,,,
166,Ledian,1.4,78.5,35.6, Red,Bug,Flying,,,,,,,,,,,,,,,,,,,,,,,,,,,
167,Spinarak,0.5,18.7,8.5, Green,Bug,Poison,,,,,,,,,,,,,,,,,,,,,,,,,,,
168,Ariados,1.1,73.9,33.5, Red,Bug,Poison,,,,,,,,,,,,,,,,,,,,,,,,,,,
169,Crobat,1.8,165.3,75.0, Purple,Poison,Flying,,,,,,,,,,,,,,,,,,,,,,,,,,,
170,Chinchou,0.5,26.5,12.0, Blue,Water,Electric,,,,,,,,,,,,,,,,,,,,,,,,,,,
171,Lanturn,1.2,49.6,22.5, Blue,Water,Electric,,,,,,,,,,,,,,,,,,,,,,,,,,,
172,Pichu,0.3,4.4,2.0, Yellow,Electric,,,,,,,,,,,,,,,,,,,,,,,,,,,,
173,Cleffa,0.3,6.6,3.0, Pink,Fairy,,,,,,,,,,,,,,,,,,,,,,,,,,,,
174,Igglybuff,0.3,2.2,1.0, Pink,Normal,Fairy,,,,,,,,,,,,,,,,,,,,,,,,,,,
175,Togepi,0.3,3.3,1.5, White,Fairy,,,,,,,,,,,,,,,,,,,,,,,,,,,,
176,Togetic,0.6,7.1,3.2, White,Fairy,Flying,,,,,,,,,,,,,,,,,,,,,,,,,,,
177,Natu,0.2,4.4,2.0, Green,Psychic,Flying,,,,,,,,,,,,,,,,,,,,,,,,,,,
178,Xatu,1.5,33.1,15.0, Green,Psychic,Flying,,,,,,,,,,,,,,,,,,,,,,,,,,,
179,Mareep,0.6,17.2,7.8, White,Electric,,,,,,,,,,,,,,,,,,,,,,,,,,,,
180,Flaaffy,0.8,29.3,13.3, Pink,Electric,,,,,,,,,,,,,,,,,,,,,,,,,,,,
181,Ampharos,1.4,135.6,61.5, Yellow,Electric,,,,,,,,,,,,,,,,,,,,,,,,,,,,
182,Bellossom,0.4,12.8,5.8, Green,Grass,,,,,,,,,,,,,,,,,,,,,,,,,,,,
183,Marill,0.4,18.7,8.5, Blue,Water,Fairy,,,,,,,,,,,,,,,,,,,,,,,,,,,
184,Azumarill,0.8,62.8,28.5, Blue,Water,Fairy,,,,,,,,,,,,,,,,,,,,,,,,,,,
185,Sudowoodo,1.2,83.8,38.0, Brown,Rock,,,,,,,,,,,,,,,,,,,,,,,,,,,,
186,Politoed,1.1,74.7,33.9, Green,Water,,,,,,,,,,,,,,,,,,,,,,,,,,,,
187,Hoppip,0.4,1.1,0.5, Pink,Grass,Flying,,,,,,,,,,,,,,,,,,,,,,,,,,,
188,Skiploom,0.6,2.2,1.0, Green,Grass,Flying,,,,,,,,,,,,,,,,,,,,,,,,,,,
189,Jumpluff,0.8,6.6,3.0, Blue,Grass,Flying,,,,,,,,,,,,,,,,,,,,,,,,,,,
190,Aipom,0.8,25.4,11.5, Purple,Normal,,,,,,,,,,,,,,,,,,,,,,,,,,,,
191,Sunkern,0.3,4.0,1.8, Yellow,Grass,,,,,,,,,,,,,,,,,,,,,,,,,,,,
192,Sunflora,0.8,18.7,8.5, Yellow,Grass,,,,,,,,,,,,,,,,,,,,,,,,,,,,
193,Yanma,1.2,83.8,38.0, Red,Bug,Flying,,,,,,,,,,,,,,,,,,,,,,,,,,,
194,Wooper,0.4,18.7,8.5, Blue,Water,Ground,,,,,,,,,,,,,,,,,,,,,,,,,,,
195,Quagsire,1.4,165.3,75.0, Blue,Water,Ground,,,,,,,,,,,,,,,,,,,,,,,,,,,
196,Espeon,0.9,58.4,26.5, Purple,Psychic,,,,,,,,,,,,,,,,,,,,,,,,,,,,
197,Umbreon,1.0,59.5,27.0, Black,Dark,,,,,,,,,,,,,,,,,,,,,,,,,,,,
198,Murkrow,0.5,4.6,2.1, Black,Dark,Flying,,,,,,,,,,,,,,,,,,,,,,,,,,,
199,Slowking,2.0,175.3,79.5, Pink,Water,Psychic,,,,,,,,,,,,,,,,,,,,,,,,,,,
200,Misdreavus,,,,,Ghost,,,,,,,,,,,,,,,,,,,,,,,,,,,,
201,Unown,,,,,Psychic,,,,,,,,,,,,,,,,,,,,,,,,,,,,
202,Wobbuffet,1.3,62.8,28.5, Blue,Psychic,,,,,,,,,,,,,,,,,,,,,,,,,,,,
203,Girafarig,1.5,91.5,41.5, Yellow,Normal,Psychic,,,,,,,,,,,,,,,,,,,,,,,,,,,
204,Pineco,0.6,15.9,7.2, Gray,Bug,,,,,,,,,,,,,,,,,,,,,,,,,,,,
205,Forretress,1.2,277.3,125.8, Purple,Bug,Steel,,,,,,,,,,,,,,,,,,,,,,,,,,,
206,Dunsparce,1.5,30.9,14.0, Yellow,Normal,,,,,,,,,,,,,,,,,,,,,,,,,,,,
207,Gligar,1.1,142.9,64.8, Purple,Ground,Flying,,,,,,,,,,,,,,,,,,,,,,,,,,,
208,Steelix,9.2,881.8,400.0, Gray,Steel,Ground,,,,,,,,,,,,,,,,,,,,,,,,,,,
209,Snubbull,0.6,17.2,7.8, Pink,Fairy,,,,,,,,,,,,,,,,,,,,,,,,,,,,
210,Granbull,1.4,107.4,48.7, Purple,Fairy,,,,,,,,,,,,,,,,,,,,,,,,,,,,
211,Qwilfish,0.5,8.6,3.9, Gray,Water,Poison,,,,,,,,,,,,,,,,,,,,,,,,,,,
212,Scizor,1.8,260.1,118.0, Red,Bug,Steel,,,,,,,,,,,,,,,,,,,,,,,,,,,
213,Shuckle,0.6,45.2,20.5, Yellow,Bug,Rock,,,,,,,,,,,,,,,,,,,,,,,,,,,
214,Heracross,1.5,119.0,54.0, Blue,Bug,Fighting,,,,,,,,,,,,,,,,,,,,,,,,,,,
215,Sneasel,0.9,61.7,28.0, Black,Dark,Ice,,,,,,,,,,,,,,,,,,,,,,,,,,,
216,Teddiursa,0.6,19.4,8.8, Brown,Normal,,,,,,,,,,,,,,,,,,,,,,,,,,,,
217,Ursaring,1.8,277.3,125.8, Brown,Normal,,,,,,,,,,,,,,,,,,,,,,,,,,,,
218,Slugma,0.7,77.2,35.0, Red,Fire,,,,,,,,,,,,,,,,,,,,,,,,,,,,
219,Magcargo,0.8,121.3,55.0, Red,Fire,Rock,,,,,,,,,,,,,,,,,,,,,,,,,,,
220,Swinub,0.4,14.3,6.5, Brown,Ice,Ground,,,,,,,,,,,,,,,,,,,,,,,,,,,
221,Piloswine,1.1,123.0,55.8, Brown,Ice,Ground,,,,,,,,,,,,,,,,,,,,,,,,,,,
222,Corsola,0.6,11.0,5.0, Pink,Water,Rock,,,,,,,,,,,,,,,,,,,,,,,,,,,
223,Remoraid,0.6,26.5,12.0, Gray,Water,,,,,,,,,,,,,,,,,,,,,,,,,,,,
224,Octillery,0.9,62.8,28.5, Red,Water,,,,,,,,,,,,,,,,,,,,,,,,,,,,
225,Delibird,0.9,35.3,16.0, Red,Ice,Flying,,,,,,,,,,,,,,,,,,,,,,,,,,,
226,Mantine,2.1,485.0,220.0, Purple,Water,Flying,,,,,,,,,,,,,,,,,,,,,,,,,,,
227,Skarmory,1.7,111.3,50.5, Gray,Steel,Flying,,,,,,,,,,,,,,,,,,,,,,,,,,,
228,Houndour,0.6,23.8,10.8, Black,Dark,Fire,,,,,,,,,,,,,,,,,,,,,,,,,,,
229,Houndoom,1.4,77.2,35.0, Black,Dark,Fire,,,,,,,,,,,,,,,,,,,,,,,,,,,
230,Kingdra,1.8,335.1,152.0, Blue,Water,Dragon,,,,,,,,,,,,,,,,,,,,,,,,,,,
231,Phanpy,0.5,73.9,33.5, Blue,Ground,,,,,,,,,,,,,,,,,,,,,,,,,,,,
232,Donphan,1.1,264.6,120.0, Gray,Ground,,,,,,,,,,,,,,,,,,,,,,,,,,,,
233,Porygon2,0.6,71.7,32.5, Red,Normal,,,,,,,,,,,,,,,,,,,,,,,,,,,,
234,Stantler,1.4,157.0,71.2, Brown,Normal,,,,,,,,,,,,,,,,,,,,,,,,,,,,
235,Smeargle,1.2,127.9,58.0, White,Normal,,,,,,,,,,,,,,,,,,,,,,,,,,,,
236,Tyrogue,0.7,46.3,21.0, Purple,Fighting,,,,,,,,,,,,,,,,,,,,,,,,,,,,
237,Hitmontop,1.4,105.8,48.0, Brown,Fighting,,,,,,,,,,,,,,,,,,,,,,,,,,,,
238,Smoochum,0.4,13.2,6.0, Pink,Ice,Psychic,,,,,,,,,,,,,,,,,,,,,,,,,,,
239,Elekid,0.6,51.8,23.5, Yellow,Electric,,,,,,,,,,,,,,,,,,,,,,,,,,,,
240,Magby,0.7,47.2,21.4, Red,Fire,,,,,,,,,,,,,,,,,,,,,,,,,,,,
241,Miltank,1.2,166.4,75.5, Pink,Normal,,,,,,,,,,,,,,,,,,,,,,,,,,,,
242,Blissey,1.5,103.2,46.8, Pink,Normal,,,,,,,,,,,,,,,,,,,,,,,,,,,,
243,Raikou,1.9,392.4,178.0, Yellow,Electric,,,,,,,,,,,,,,,,,,,,,,,,,,,,
244,Entei,2.1,436.5,198.0, Brown,Fire,,,,,,,,,,,,,,,,,,,,,,,,,,,,
245,Suicune,2.0,412.3,187.0, Blue,Water,,,,,,,,,,,,,,,,,,,,,,,,,,,,
246,Larvitar,0.6,158.7,72.0, Green,Rock,Ground,,,,,,,,,,,,,,,,,,,,,,,,,,,
247,Pupitar,,,,,Rock,Ground,,,,,,,,,,,,,,,,,,,,,,,,,,,
248,Tyranitar,2.0,445.3,202.0, Green,Rock,Dark,,,,,,,,,,,,,,,,,,,,,,,,,,,
249,Lugia,5.2,476.2,216.0, White,Psychic,Flying,,,,,,,,,,,,,,,,,,,,,,,,,,,
250,Ho-Oh,3.8,438.7,199.0, Red,Fire,Flying,,,,,,,,,,,,,,,,,,,,,,,,,,,
251,Celebi,,,,,Psychic,Grass,,,,,,,,,,,,,,,,,,,,,,,,,,,
252,Treecko,0.5,11.0,5.0, Green,Grass,,,,,,,,,,,,,,,,,,,,,,,,,,,,
253,Grovyle,0.9,47.6,21.6, Green,Grass,,,,,,,,,,,,,,,,,,,,,,,,,,,,
254,Sceptile,1.7,115.1,52.2, Green,Grass,,,,,,,,,,,,,,,,,,,,,,,,,,,,
255,Torchic,0.4,5.5,2.5, Red,Fire,,,,,,,,,,,,,,,,,,,,,,,,,,,,
256,Combusken,0.9,43.0,19.5, Red,Fire,Fighting,,,,,,,,,,,,,,,,,,,,,,,,,,,
257,Blaziken,1.9,114.6,52.0, Red,Fire,Fighting,,,,,,,,,,,,,,,,,,,,,,,,,,,
258,Mudkip,0.4,16.8,7.6, Blue,Water,,,,,,,,,,,,,,,,,,,,,,,,,,,,
259,Marshtomp,0.7,61.7,28.0, Blue,Water,Ground,,,,,,,,,,,,,,,,,,,,,,,,,,,
260,Swampert,1.5,180.6,81.9, Blue,Water,Ground,,,,,,,,,,,,,,,,,,,,,,,,,,,
261,Poochyena,0.5,30.0,13.6, Gray,Dark,,,,,,,,,,,,,,,,,,,,,,,,,,,,
262,Mightyena,1.0,81.6,37.0, Gray,Dark,,,,,,,,,,,,,,,,,,,,,,,,,,,,
263,Zigzagoon,0.4,38.6,17.5, Brown,Normal,,,,,,,,,,,,,,,,,,,,,,,,,,,,
264,Linoone,0.5,71.7,32.5, White,Normal,,,,,,,,,,,,,,,,,,,,,,,,,,,,
265,Wurmple,0.3,7.9,3.6, Red,Bug,,,,,,,,,,,,,,,,,,,,,,,,,,,,
266,Silcoon,,,,,Bug,,,,,,,,,,,,,,,,,,,,,,,,,,,,
267,Beautifly,1.0,62.6,28.4, Yellow,Bug,Flying,,,,,,,,,,,,,,,,,,,,,,,,,,,
268,Cascoon,,,,,Bug,,,,,,,,,,,,,,,,,,,,,,,,,,,,
269,Dustox,1.2,69.7,31.6, Green,Bug,Poison,,,,,,,,,,,,,,,,,,,,,,,,,,,
270,Lotad,0.5,5.7,2.6, Green,Water,Grass,,,,,,,,,,,,,,,,,,,,,,,,,,,
271,Lombre,1.2,71.7,32.5, Green,Water,Grass,,,,,,,,,,,,,,,,,,,,,,,,,,,
272,Ludicolo,1.5,121.3,55.0, Green,Water,Grass,,,,,,,,,,,,,,,,,,,,,,,,,,,
273,Seedot,0.5,8.8,4.0, Brown,Grass,,,,,,,,,,,,,,,,,,,,,,,,,,,,
274,Nuzleaf,1.0,61.7,28.0, Brown,Grass,Dark,,,,,,,,,,,,,,,,,,,,,,,,,,,
275,Shiftry,1.3,131.4,59.6, Brown,Grass,Dark,,,,,,,,,,,,,,,,,,,,,,,,,,,
276,Taillow,0.3,5.1,2.3, Blue,Normal,Flying,,,,,,,,,,,,,,,,,,,,,,,,,,,
277,Swellow,0.7,43.7,19.8, Blue,Normal,Flying,,,,,,,,,,,,,,,,,,,,,,,,,,,
278,Wingull,0.6,20.9,9.5, White,Water,Flying,,,,,,,,,,,,,,,,,,,,,,,,,,,
279,Pelipper,1.2,61.7,28.0, Yellow,Water,Flying,,,,,,,,,,,,,,,,,,,,,,,,,,,
280,Ralts,0.4,14.6,6.6, White,Psychic,Fairy,,,,,,,,,,,,,,,,,,,,,,,,,,,
281,Kirlia,0.8,44.5,20.2, White,Psychic,Fairy,,,,,,,,,,,,,,,,,,,,,,,,,,,
282,Gardevoir,1.6,106.7,48.4, White,Psychic,Fairy,,,,,,,,,,,,,,,,,,,,,,,,,,,
283,Surskit,0.5,3.7,1.7, Blue,Bug,Water,,,,,,,,,,,,,,,,,,,,,,,,,,,
284,Masquerain,0.8,7.9,3.6, Blue,Bug,Flying,,,,,,,,,,,,,,,,,,,,,,,,,,,
285,Shroomish,0.4,9.9,4.5, Brown,Grass,,,,,,,,,,,,,,,,,,,,,,,,,,,,
286,Breloom,1.2,86.4,39.2, Green,Grass,Fighting,,,,,,,,,,,,,,,,,,,,,,,,,,,
287,Slakoth,,,,,Normal,,,,,,,,,,,,,,,,,,,,,,,,,,,,
288,Vigoroth,,,,,Normal,,,,,,,,,,,,,,,,,,,,,,,,,,,,
289,Slaking,,,,,Normal,,,,,,,,,,,,,,,,,,,,,,,,,,,,
290,Nincada,0.5,12.1,5.5, Gray,Bug,Ground,,,,,,,,,,,,,,,,,,,,,,,,,,,
291,Ninjask,0.8,26.5,12.0, Yellow,Bug,Flying,,,,,,,,,,,,,,,,,,,,,,,,,,,
292,Shedinja,,,,,Bug,Ghost,,,,,,,,,,,,,,,,,,,,,,,,,,,
293,Whismur,0.6,35.9,16.3, Pink,Normal,,,,,,,,,,,,,,,,,,,,,,,,,,,,
294,Loudred,1.0,89.3,40.5, Blue,Normal,,,,,,,,,,,,,,,,,,,,,,,,,,,,
295,Exploud,1.5,185.2,84.0, Blue,Normal,,,,,,,,,,,,,,,,,,,,,,,,,,,,
296,Makuhita,1.0,190.5,86.4, Yellow,Fighting,,,,,,,,,,,,,,,,,,,,,,,,,,,,
297,Hariyama,2.3,559.5,253.8, Brown,Fighting,,,,,,,,,,,,,,,,,,,,,,,,,,,,
298,Azurill,0.2,4.4,2.0, Blue,Normal,Fairy,,,,,,,,,,,,,,,,,,,,,,,,,,,
299,Nosepass,1.0,213.8,97.0, Gray,Rock,,,,,,,,,,,,,,,,,,,,,,,,,,,,
300,Skitty,0.6,24.3,11.0, Pink,Normal,,,,,,,,,,,,,,,,,,,,,,,,,,,,
301,Delcatty,1.1,71.9,32.6, Purple,Normal,,,,,,,,,,,,,,,,,,,,,,,,,,,,
302,Sableye,0.5,24.3,11.0, Purple,Dark,Ghost,,,,,,,,,,,,,,,,,,,,,,,,,,,
303,Mawile,0.6,25.4,11.5, Black,Steel,Fairy,,,,,,,,,,,,,,,,,,,,,,,,,,,
304,Aron,0.4,132.3,60.0, Gray,Steel,Rock,,,,,,,,,,,,,,,,,,,,,,,,,,,
305,Lairon,0.9,264.6,120.0, Gray,Steel,Rock,,,,,,,,,,,,,,,,,,,,,,,,,,,
306,Aggron,2.1,793.7,360.0, Gray,Steel,Rock,,,,,,,,,,,,,,,,,,,,,,,,,,,
307,Meditite,0.6,24.7,11.2, Blue,Fighting,Psychic,,,,,,,,,,,,,,,,,,,,,,,,,,,
308,Medicham,1.3,69.4,31.5, Red,Fighting,Psychic,,,,,,,,,,,,,,,,,,,,,,,,,,,
309,Electrike,0.6,33.5,15.2, Green,Electric,,,,,,,,,,,,,,,,,,,,,,,,,,,,
310,Manectric,1.5,88.6,40.2, Yellow,Electric,,,,,,,,,,,,,,,,,,,,,,,,,,,,
311,Plusle,0.4,9.3,4.2, Yellow,Electric,,,,,,,,,,,,,,,,,,,,,,,,,,,,
312,Minun,0.4,9.3,4.2, Yellow,Electric,,,,,,,,,,,,,,,,,,,,,,,,,,,,
313,Volbeat,0.7,39.0,17.7, Gray,Bug,,,,,,,,,,,,,,,,,,,,,,,,,,,,
314,Illumise,0.6,39.0,17.7, Purple,Bug,,,,,,,,,,,,,,,,,,,,,,,,,,,,
315,Roselia,0.3,4.4,2.0, Green,Grass,Poison,,,,,,,,,,,,,,,,,,,,,,,,,,,
316,Gulpin,0.4,22.7,10.3, Green,Poison,,,,,,,,,,,,,,,,,,,,,,,,,,,,
317,Swalot,1.7,176.4,80.0, Purple,Poison,,,,,,,,,,,,,,,,,,,,,,,,,,,,
318,Carvanha,0.8,45.9,20.8, Red,Water,Dark,,,,,,,,,,,,,,,,,,,,,,,,,,,
319,Sharpedo,1.8,195.8,88.8, Blue,Water,Dark,,,,,,,,,,,,,,,,,,,,,,,,,,,
320,Wailmer,2.0,286.6,130.0, Blue,Water,,,,,,,,,,,,,,,,,,,,,,,,,,,,
321,Wailord,14.5,877.4,398.0, Blue,Water,,,,,,,,,,,,,,,,,,,,,,,,,,,,
322,Numel,0.7,52.9,24.0, Yellow,Fire,Ground,,,,,,,,,,,,,,,,,,,,,,,,,,,
323,Camerupt,1.9,485.0,220.0, Red,Fire,Ground,,,,,,,,,,,,,,,,,,,,,,,,,,,
324,Torkoal,0.5,177.3,80.4, Brown,Fire,,,,,,,,,,,,,,,,,,,,,,,,,,,,
325,Spoink,0.7,67.5,30.6, Black,Psychic,,,,,,,,,,,,,,,,,,,,,,,,,,,,
326,Grumpig,0.9,157.6,71.5, Purple,Psychic,,,,,,,,,,,,,,,,,,,,,,,,,,,,
327,Spinda,1.1,11.0,5.0, Brown,Normal,,,,,,,,,,,,,,,,,,,,,,,,,,,,
328,Trapinch,0.7,33.1,15.0, Brown,Ground,,,,,,,,,,,,,,,,,,,,,,,,,,,,
329,Vibrava,,,,,Ground,Dragon,,,,,,,,,,,,,,,,,,,,,,,,,,,
330,Flygon,,,,,Ground,Dragon,,,,,,,,,,,,,,,,,,,,,,,,,,,
331,Cacnea,0.4,113.1,51.3, Green,Grass,,,,,,,,,,,,,,,,,,,,,,,,,,,,
332,Cacturne,1.3,170.6,77.4, Green,Grass,Dark,,,,,,,,,,,,,,,,,,,,,,,,,,,
333,Swablu,0.4,2.6,1.2, Blue,Normal,Flying,,,,,,,,,,,,,,,,,,,,,,,,,,,
334,Altaria,1.1,45.4,20.6, Blue,Dragon,Flying,,,,,,,,,,,,,,,,,,,,,,,,,,,
335,Zangoose,1.3,88.8,40.3, White,Normal,,,,,,,,,,,,,,,,,,,,,,,,,,,,
336,Seviper,2.7,115.7,52.5, Black,Poison,,,,,,,,,,,,,,,,,,,,,,,,,,,,
337,Lunatone,,,,,Rock,Psychic,,,,,,,,,,,,,,,,,,,,,,,,,,,
338,Solrock,,,,,Rock,Psychic,,,,,,,,,,,,,,,,,,,,,,,,,,,
339,Barboach,0.4,4.2,1.9, Gray,Water,Ground,,,,,,,,,,,,,,,,,,,,,,,,,,,
340,Whiscash,0.9,52.0,23.6, Blue,Water,Ground,,,,,,,,,,,,,,,,,,,,,,,,,,,
341,Corphish,0.6,25.4,11.5, Red,Water,,,,,,,,,,,,,,,,,,,,,,,,,,,,
342,Crawdaunt,1.1,72.3,32.8, Red,Water,Dark,,,,,,,,,,,,,,,,,,,,,,,,,,,
343,Baltoy,,,,,Ground,Psychic,,,,,,,,,,,,,,,,,,,,,,,,,,,
344,Claydol,,,,,Ground,Psychic,,,,,,,,,,,,,,,,,,,,,,,,,,,
345,Lileep,1.0,52.5,23.8, Purple,Rock,Grass,,,,,,,,,,,,,,,,,,,,,,,,,,,
346,Cradily,1.5,133.2,60.4, Green,Rock,Grass,,,,,,,,,,,,,,,,,,,,,,,,,,,
347,Anorith,0.7,27.6,12.5, Gray,Rock,Bug,,,,,,,,,,,,,,,,,,,,,,,,,,,
348,Armaldo,1.5,150.4,68.2, Gray,Rock,Bug,,,,,,,,,,,,,,,,,,,,,,,,,,,
349,Feebas,0.6,16.3,7.4, Brown,Water,,,,,,,,,,,,,,,,,,,,,,,,,,,,
350,Milotic,6.2,357.1,162.0, Pink,Water,,,,,,,,,,,,,,,,,,,,,,,,,,,,
351,Castform,0.3,1.8,0.8, Gray,Normal,,,,,,,,,,,,,,,,,,,,,,,,,,,,
352,Kecleon,1.0,48.5,22.0, Green,Normal,,,,,,,,,,,,,,,,,,,,,,,,,,,,
353,Shuppet,0.6,5.1,2.3, Black,Ghost,,,,,,,,,,,,,,,,,,,,,,,,,,,,
354,Banette,1.1,27.6,12.5, Black,Ghost,,,,,,,,,,,,,,,,,,,,,,,,,,,,
355,Duskull,0.8,33.1,15.0, Black,Ghost,,,,,,,,,,,,,,,,,,,,,,,,,,,,
356,Dusclops,1.6,67.5,30.6, Black,Ghost,,,,,,,,,,,,,,,,,,,,,,,,,,,,
357,Tropius,2.0,220.5,100.0, Green,Grass,Flying,,,,,,,,,,,,,,,,,,,,,,,,,,,
358,Chimecho,,,,,Psychic,,,,,,,,,,,,,,,,,,,,,,,,,,,,
359,Absol,1.2,103.6,47.0, White,Dark,,,,,,,,,,,,,,,,,,,,,,,,,,,,
360,Wynaut,0.6,30.9,14.0, Blue,Psychic,,,,,,,,,,,,,,,,,,,,,,,,,,,,
361,Snorunt,0.7,37.0,16.8, Gray,Ice,,,,,,,,,,,,,,,,,,,,,,,,,,,,
362,Glalie,1.5,565.5,256.5, Gray,Ice,,,,,,,,,,,,,,,,,,,,,,,,,,,,
363,Spheal,0.8,87.1,39.5, Blue,Ice,Water,,,,,,,,,,,,,,,,,,,,,,,,,,,
364,Sealeo,1.1,193.1,87.6, Blue,Ice,Water,,,,,,,,,,,,,,,,,,,,,,,,,,,
365,Walrein,1.4,332.0,150.6, Blue,Ice,Water,,,,,,,,,,,,,,,,,,,,,,,,,,,
366,Clamperl,0.4,115.7,52.5, Blue,Water,,,,,,,,,,,,,,,,,,,,,,,,,,,,
367,Huntail,1.7,59.5,27.0, Blue,Water,,,,,,,,,,,,,,,,,,,,,,,,,,,,
368,Gorebyss,1.8,49.8,22.6, Pink,Water,,,,,,,,,,,,,,,,,,,,,,,,,,,,
369,Relicanth,1.0,51.6,23.4, Gray,Water,Rock,,,,,,,,,,,,,,,,,,,,,,,,,,,
370,Luvdisc,0.6,19.2,8.7, Pink,Water,,,,,,,,,,,,,,,,,,,,,,,,,,,,
371,Bagon,0.6,92.8,42.1, Blue,Dragon,,,,,,,,,,,,,,,,,,,,,,,,,,,,
372,Shelgon,1.1,243.6,110.5, White,Dragon,,,,,,,,,,,,,,,,,,,,,,,,,,,,
373,Salamence,1.5,226.2,102.6, Blue,Dragon,Flying,,,,,,,,,,,,,,,,,,,,,,,,,,,
374,Beldum,0.6,209.9,95.2, Blue,Steel,Psychic,,,,,,,,,,,,,,,,,,,,,,,,,,,
375,Metang,1.2,446.4,202.5, Blue,Steel,Psychic,,,,,,,,,,,,,,,,,,,,,,,,,,,
376,Metagross,1.6,1212.5,550.0, Blue,Steel,Psychic,,,,,,,,,,,,,,,,,,,,,,,,,,,
377,Regirock,1.7,507.1,230.0, Brown,Rock,,,,,,,,,,,,,,,,,,,,,,,,,,,,
378,Regice,1.8,385.8,175.0, Blue,Ice,,,,,,,,,,,,,,,,,,,,,,,,,,,,
379,Registeel,1.9,451.9,205.0, Gray,Steel,,,,,,,,,,,,,,,,,,,,,,,,,,,,
380,Latias,,,,,Dragon,Psychic,,,,,,,,,,,,,,,,,,,,,,,,,,,
381,Latios,,,,,Dragon,Psychic,,,,,,,,,,,,,,,,,,,,,,,,,,,
382,Kyogre,4.5,776.0,352.0, Blue,Water,,,,,,,,,,,,,,,,,,,,,,,,,,,,
383,Groudon,3.5,2094.4,950.0, Red,Ground,,,,,,,,,,,,,,,,,,,,,,,,,,,,
384,Rayquaza,7.0,455.3,206.5, Green,Dragon,Flying,,,,,,,,,,,,,,,,,,,,,,,,,,,
385,Jirachi,,,,,Steel,Psychic,,,,,,,,,,,,,,,,,,,,,,,,,,,
386,Deoxys,,,,,Psychic,,,,,,,,,,,,,,,,,,,,,,,,,,,,
387,Turtwig,0.4,22.5,10.2, Green,Grass,,,,,,,,,,,,,,,,,,,,,,,,,,,,
388,Grotle,1.1,213.8,97.0, Green,Grass,,,,,,,,,,,,,,,,,,,,,,,,,,,,
389,Torterra,2.2,683.4,310.0, Green,Grass,Ground,,,,,,,,,,,,,,,,,,,,,,,,,,,
390,Chimchar,0.5,13.7,6.2, Brown,Fire,,,,,,,,,,,,,,,,,,,,,,,,,,,,
391,Monferno,0.9,48.5,22.0, Brown,Fire,Fighting,,,,,,,,,,,,,,,,,,,,,,,,,,,
392,Infernape,1.2,121.3,55.0, Brown,Fire,Fighting,,,,,,,,,,,,,,,,,,,,,,,,,,,
393,Piplup,0.4,11.5,5.2, Blue,Water,,,,,,,,,,,,,,,,,,,,,,,,,,,,
394,Prinplup,0.8,50.7,23.0, Blue,Water,,,,,,,,,,,,,,,,,,,,,,,,,,,,
395,Empoleon,1.7,186.3,84.5, Blue,Water,Steel,,,,,,,,,,,,,,,,,,,,,,,,,,,
396,Starly,0.3,4.4,2.0, Brown,Normal,Flying,,,,,,,,,,,,,,,,,,,,,,,,,,,
397,Staravia,0.6,34.2,15.5, Brown,Normal,Flying,,,,,,,,,,,,,,,,,,,,,,,,,,,
398,Staraptor,1.2,54.9,24.9, Brown,Normal,Flying,,,,,,,,,,,,,,,,,,,,,,,,,,,
399,Bidoof,0.5,44.1,20.0, Brown,Normal,,,,,,,,,,,,,,,,,,,,,,,,,,,,
400,Bibarel,1.0,69.4,31.5, Brown,Normal,Water,,,,,,,,,,,,,,,,,,,,,,,,,,,
401,Kricketot,0.3,4.9,2.2, Red,Bug,,,,,,,,,,,,,,,,,,,,,,,,,,,,
402,Kricketune,1.0,56.2,25.5, Red,Bug,,,,,,,,,,,,,,,,,,,,,,,,,,,,
403,Shinx,0.5,20.9,9.5, Blue,Electric,,,,,,,,,,,,,,,,,,,,,,,,,,,,
404,Luxio,0.9,67.2,30.5, Blue,Electric,,,,,,,,,,,,,,,,,,,,,,,,,,,,
405,Luxray,1.4,92.6,42.0, Blue,Electric,,,,,,,,,,,,,,,,,,,,,,,,,,,,
406,Budew,0.2,2.6,1.2, Green,Grass,Poison,,,,,,,,,,,,,,,,,,,,,,,,,,,
407,Roserade,0.9,32.0,14.5, Green,Grass,Poison,,,,,,,,,,,,,,,,,,,,,,,,,,,
408,Cranidos,0.9,69.4,31.5, Blue,Rock,,,,,,,,,,,,,,,,,,,,,,,,,,,,
409,Rampardos,1.6,226.0,102.5, Blue,Rock,,,,,,,,,,,,,,,,,,,,,,,,,,,,
410,Shieldon,0.5,125.7,57.0, Gray,Rock,Steel,,,,,,,,,,,,,,,,,,,,,,,,,,,
411,Bastiodon,1.3,329.6,149.5, Gray,Rock,Steel,,,,,,,,,,,,,,,,,,,,,,,,,,,
412,Burmy,0.2,7.5,3.4, Green,Bug,,,,,,,,,,,,,,,,,,,,,,,,,,,,
413,Wormadam,0.5,14.3,6.5, Green,Bug,Grass,,,,,,,,,,,,,,,,,,,,,,,,,,,
414,Mothim,0.9,51.4,23.3, Yellow,Bug,Flying,,,,,,,,,,,,,,,,,,,,,,,,,,,
415,Combee,0.3,12.1,5.5, Yellow,Bug,Flying,,,,,,,,,,,,,,,,,,,,,,,,,,,
416,Vespiquen,1.2,84.9,38.5, Yellow,Bug,Flying,,,,,,,,,,,,,,,,,,,,,,,,,,,
417,Pachirisu,0.4,8.6,3.9, White,Electric,,,,,,,,,,,,,,,,,,,,,,,,,,,,
418,Buizel,0.7,65.0,29.5, Brown,Water,,,,,,,,,,,,,,,,,,,,,,,,,,,,
419,Floatzel,1.1,73.9,33.5, Brown,Water,,,,,,,,,,,,,,,,,,,,,,,,,,,,
420,Cherubi,,,,,Grass,,,,,,,,,,,,,,,,,,,,,,,,,,,,
421,Cherrim,,,,,Grass,,,,,,,,,,,,,,,,,,,,,,,,,,,,
422,Shellos,0.3,13.9,6.3, Purple,Water,,,,,,,,,,,,,,,,,,,,,,,,,,,,
423,Gastrodon,0.9,65.9,29.9, Purple,Water,Ground,,,,,,,,,,,,,,,,,,,,,,,,,,,
424,Ambipom,1.2,44.8,20.3, Purple,Normal,,,,,,,,,,,,,,,,,,,,,,,,,,,,
425,Drifloon,0.4,2.6,1.2, Purple,Ghost,Flying,,,,,,,,,,,,,,,,,,,,,,,,,,,
426,Drifblim,1.2,33.1,15.0, Purple,Ghost,Flying,,,,,,,,,,,,,,,,,,,,,,,,,,,
427,Buneary,0.4,12.1,5.5, Brown,Normal,,,,,,,,,,,,,,,,,,,,,,,,,,,,
428,Lopunny,1.2,73.4,33.3, Brown,Normal,,,,,,,,,,,,,,,,,,,,,,,,,,,,
429,Mismagius,,,,,Ghost,,,,,,,,,,,,,,,,,,,,,,,,,,,,
430,Honchkrow,0.9,60.2,27.3, Black,Dark,Flying,,,,,,,,,,,,,,,,,,,,,,,,,,,
431,Glameow,0.5,8.6,3.9, Gray,Normal,,,,,,,,,,,,,,,,,,,,,,,,,,,,
432,Purugly,1.0,96.6,43.8, Gray,Normal,,,,,,,,,,,,,,,,,,,,,,,,,,,,
433,Chingling,,,,,Psychic,,,,,,,,,,,,,,,,,,,,,,,,,,,,
434,Stunky,0.4,42.3,19.2, Purple,Poison,Dark,,,,,,,,,,,,,,,,,,,,,,,,,,,
435,Skuntank,1.0,83.8,38.0, Purple,Poison,Dark,,,,,,,,,,,,,,,,,,,,,,,,,,,
436,Bronzor,0.5,133.4,60.5, Green,Steel,Psychic,,,,,,,,,,,,,,,,,,,,,,,,,,,
437,Bronzong,1.3,412.3,187.0, Green,Steel,Psychic,,,,,,,,,,,,,,,,,,,,,,,,,,,
438,Bonsly,0.5,33.1,15.0, Brown,Rock,,,,,,,,,,,,,,,,,,,,,,,,,,,,
439,Mime Jr.,0.6,28.7,13.0, Pink,Psychic,Fairy,,,,,,,,,,,,,,,,,,,,,,,,,,,
440,Happiny,0.6,53.8,24.4, Pink,Normal,,,,,,,,,,,,,,,,,,,,,,,,,,,,
441,Chatot,0.5,4.2,1.9, Black,Normal,Flying,,,,,,,,,,,,,,,,,,,,,,,,,,,
442,Spiritomb,1.0,238.1,108.0, Purple,Ghost,Dark,,,,,,,,,,,,,,,,,,,,,,,,,,,
443,Gible,0.7,45.2,20.5, Blue,Dragon,Ground,,,,,,,,,,,,,,,,,,,,,,,,,,,
444,Gabite,1.4,123.5,56.0, Blue,Dragon,Ground,,,,,,,,,,,,,,,,,,,,,,,,,,,
445,Garchomp,1.9,209.4,95.0, Blue,Dragon,Ground,,,,,,,,,,,,,,,,,,,,,,,,,,,
446,Munchlax,0.6,231.5,105.0, Black,Normal,,,,,,,,,,,,,,,,,,,,,,,,,,,,
447,Riolu,0.7,44.5,20.2, Blue,Fighting,,,,,,,,,,,,,,,,,,,,,,,,,,,,
448,Lucario,1.2,119.0,54.0, Blue,Fighting,Steel,,,,,,,,,,,,,,,,,,,,,,,,,,,
449,Hippopotas,0.8,109.1,49.5, Brown,Ground,,,,,,,,,,,,,,,,,,,,,,,,,,,,
450,Hippowdon,2.0,661.4,300.0, Brown,Ground,,,,,,,,,,,,,,,,,,,,,,,,,,,,
451,Skorupi,0.8,26.5,12.0, Purple,Poison,Bug,,,,,,,,,,,,,,,,,,,,,,,,,,,
452,Drapion,1.3,135.6,61.5, Purple,Poison,Dark,,,,,,,,,,,,,,,,,,,,,,,,,,,
453,Croagunk,0.7,50.7,23.0, Blue,Poison,Fighting,,,,,,,,,,,,,,,,,,,,,,,,,,,
454,Toxicroak,1.3,97.9,44.4, Blue,Poison,Fighting,,,,,,,,,,,,,,,,,,,,,,,,,,,
455,Carnivine,,,,,Grass,,,,,,,,,,,,,,,,,,,,,,,,,,,,
456,Finneon,0.4,15.4,7.0, Blue,Water,,,,,,,,,,,,,,,,,,,,,,,,,,,,
457,Lumineon,1.2,52.9,24.0, Blue,Water,,,,,,,,,,,,,,,,,,,,,,,,,,,,
458,Mantyke,1.0,143.3,65.0, Blue,Water,Flying,,,,,,,,,,,,,,,,,,,,,,,,,,,
459,Snover,1.0,111.3,50.5, White,Grass,Ice,,,,,,,,,,,,,,,,,,,,,,,,,,,
460,Abomasnow,2.2,298.7,135.5, White,Grass,Ice,,,,,,,,,,,,,,,,,,,,,,,,,,,
461,Weavile,1.1,75.0,34.0, Black,Dark,Ice,,,,,,,,,,,,,,,,,,,,,,,,,,,
462,Magnezone,1.2,396.8,180.0, Gray,Electric,Steel,,,,,,,,,,,,,,,,,,,,,,,,,,,
463,Lickilicky,1.7,308.6,140.0, Pink,Normal,,,,,,,,,,,,,,,,,,,,,,,,,,,,
464,Rhyperior,2.4,623.5,282.8, Gray,Ground,Rock,,,,,,,,,,,,,,,,,,,,,,,,,,,
465,Tangrowth,2.0,283.5,128.6, Blue,Grass,,,,,,,,,,,,,,,,,,,,,,,,,,,,
466,Electivire,1.8,305.6,138.6, Yellow,Electric,,,,,,,,,,,,,,,,,,,,,,,,,,,,
467,Magmortar,1.6,149.9,68.0, Red,Fire,,,,,,,,,,,,,,,,,,,,,,,,,,,,
468,Togekiss,1.5,83.8,38.0, White,Fairy,Flying,,,,,,,,,,,,,,,,,,,,,,,,,,,
469,Yanmega,1.9,113.5,51.5, Green,Bug,Flying,,,,,,,,,,,,,,,,,,,,,,,,,,,
470,Leafeon,1.0,56.2,25.5, Green,Grass,,,,,,,,,,,,,,,,,,,,,,,,,,,,
471,Glaceon,0.8,57.1,25.9, Blue,Ice,,,,,,,,,,,,,,,,,,,,,,,,,,,,
472,Gliscor,2.0,93.7,42.5, Purple,Ground,Flying,,,,,,,,,,,,,,,,,,,,,,,,,,,
473,Mamoswine,2.5,641.5,291.0, Brown,Ice,Ground,,,,,,,,,,,,,,,,,,,,,,,,,,,
474,Porygon-Z,0.9,75.0,34.0, Red,Normal,,,,,,,,,,,,,,,,,,,,,,,,,,,,
475,Gallade,1.6,114.6,52.0, White,Psychic,Fighting,,,,,,,,,,,,,,,,,,,,,,,,,,,
476,Probopass,1.4,749.6,340.0, Gray,Rock,Steel,,,,,,,,,,,,,,,,,,,,,,,,,,,
477,Dusknoir,2.2,235.0,106.6, Black,Ghost,,,,,,,,,,,,,,,,,,,,,,,,,,,,
478,Froslass,1.3,58.6,26.6, White,Ice,Ghost,,,,,,,,,,,,,,,,,,,,,,,,,,,
479,Rotom,0.3,0.7,0.3, Red,Electric,Ghost,,,,,,,,,,,,,,,,,,,,,,,,,,,
480,Uxie,,,,,Psychic,,,,,,,,,,,,,,,,,,,,,,,,,,,,
481,Mesprit,,,,,Psychic,,,,,,,,,,,,,,,,,,,,,,,,,,,,
482,Azelf,,,,,Psychic,,,,,,,,,,,,,,,,,,,,,,,,,,,,
483,Dialga,5.4,1505.8,683.0, White,Steel,Dragon,,,,,,,,,,,,,,,,,,,,,,,,,,,
484,Palkia,4.2,740.8,336.0, Purple,Water,Dragon,,,,,,,,,,,,,,,,,,,,,,,,,,,
485,Heatran,1.7,948.0,430.0, Brown,Fire,Steel,,,,,,,,,,,,,,,,,,,,,,,,,,,
486,Regigigas,,,,,Normal,,,,,,,,,,,,,,,,,,,,,,,,,,,,
487,Giratina,4.5,1653.5,750.0, Black,Ghost,Dragon,,,,,,,,,,,,,,,,,,,,,,,,,,,
488,Cresselia,,,,,Psychic,,,,,,,,,,,,,,,,,,,,,,,,,,,,
489,Phione,,,,,Water,,,,,,,,,,,,,,,,,,,,,,,,,,,,
490,Manaphy,,,,,Water,,,,,,,,,,,,,,,,,,,,,,,,,,,,
491,Darkrai,,,,,Dark,,,,,,,,,,,,,,,,,,,,,,,,,,,,
492,Shaymin,0.2,4.6,2.1, Green,Grass,,,,,,,,,,,,,,,,,,,,,,,,,,,,
493,Arceus,,,,,Normal,,,,,,,,,,,,,,,,,,,,,,,,,,,,
494,Victini,,,,,Psychic,Fire,,,,,,,,,,,,,,,,,,,,,,,,,,,
495,Snivy,0.6,17.9,8.1, Green,Grass,,,,,,,,,,,,,,,,,,,,,,,,,,,,
496,Servine,0.8,35.3,16.0, Green,Grass,,,,,,,,,,,,,,,,,,,,,,,,,,,,
497,Serperior,3.3,138.9,63.0, Green,Grass,,,,,,,,,,,,,,,,,,,,,,,,,,,,
498,Tepig,0.5,21.8,9.9, Red,Fire,,,,,,,,,,,,,,,,,,,,,,,,,,,,
499,Pignite,1.0,122.4,55.5, Red,Fire,Fighting,,,,,,,,,,,,,,,,,,,,,,,,,,,
500,Emboar,1.6,330.7,150.0, Red,Fire,Fighting,,,,,,,,,,,,,,,,,,,,,,,,,,,
501,Oshawott,0.5,13.0,5.9, Blue,Water,,,,,,,,,,,,,,,,,,,,,,,,,,,,
502,Dewott,0.8,54.0,24.5, Blue,Water,,,,,,,,,,,,,,,,,,,,,,,,,,,,
503,Samurott,1.5,208.6,94.6, Blue,Water,,,,,,,,,,,,,,,,,,,,,,,,,,,,
504,Patrat,0.5,25.6,11.6, Brown,Normal,,,,,,,,,,,,,,,,,,,,,,,,,,,,
505,Watchog,1.1,59.5,27.0, Brown,Normal,,,,,,,,,,,,,,,,,,,,,,,,,,,,
506,Lillipup,0.4,9.0,4.1, Brown,Normal,,,,,,,,,,,,,,,,,,,,,,,,,,,,
507,Herdier,0.9,32.4,14.7, Gray,Normal,,,,,,,,,,,,,,,,,,,,,,,,,,,,
508,Stoutland,1.2,134.5,61.0, Gray,Normal,,,,,,,,,,,,,,,,,,,,,,,,,,,,
509,Purrloin,0.4,22.3,10.1, Purple,Dark,,,,,,,,,,,,,,,,,,,,,,,,,,,,
510,Liepard,1.1,82.7,37.5, Purple,Dark,,,,,,,,,,,,,,,,,,,,,,,,,,,,
511,Pansage,0.6,23.1,10.5, Green,Grass,,,,,,,,,,,,,,,,,,,,,,,,,,,,
512,Simisage,1.1,67.2,30.5, Green,Grass,,,,,,,,,,,,,,,,,,,,,,,,,,,,
513,Pansear,0.6,24.3,11.0, Red,Fire,,,,,,,,,,,,,,,,,,,,,,,,,,,,
514,Simisear,1.0,61.7,28.0, Red,Fire,,,,,,,,,,,,,,,,,,,,,,,,,,,,
515,Panpour,0.6,29.8,13.5, Blue,Water,,,,,,,,,,,,,,,,,,,,,,,,,,,,
516,Simipour,1.0,63.9,29.0, Blue,Water,,,,,,,,,,,,,,,,,,,,,,,,,,,,
517,Munna,0.6,51.3,23.3, Pink,Psychic,,,,,,,,,,,,,,,,,,,,,,,,,,,,
518,Musharna,1.1,133.4,60.5, Pink,Psychic,,,,,,,,,,,,,,,,,,,,,,,,,,,,
519,Pidove,0.3,4.6,2.1, Gray,Normal,Flying,,,,,,,,,,,,,,,,,,,,,,,,,,,
520,Tranquill,0.6,33.1,15.0, Gray,Normal,Flying,,,,,,,,,,,,,,,,,,,,,,,,,,,
521,Unfezant,1.2,63.9,29.0, Gray,Normal,Flying,,,,,,,,,,,,,,,,,,,,,,,,,,,
522,Blitzle,0.8,65.7,29.8, Black,Electric,,,,,,,,,,,,,,,,,,,,,,,,,,,,
523,Zebstrika,1.6,175.3,79.5, Black,Electric,,,,,,,,,,,,,,,,,,,,,,,,,,,,
524,Roggenrola,0.4,39.7,18.0, Blue,Rock,,,,,,,,,,,,,,,,,,,,,,,,,,,,
525,Boldore,0.9,224.9,102.0, Blue,Rock,,,,,,,,,,,,,,,,,,,,,,,,,,,,
526,Gigalith,1.7,573.2,260.0, Blue,Rock,,,,,,,,,,,,,,,,,,,,,,,,,,,,
527,Woobat,0.4,4.6,2.1, Blue,Psychic,Flying,,,,,,,,,,,,,,,,,,,,,,,,,,,
528,Swoobat,0.9,23.1,10.5, Blue,Psychic,Flying,,,,,,,,,,,,,,,,,,,,,,,,,,,
529,Drilbur,0.3,18.7,8.5, Gray,Ground,,,,,,,,,,,,,,,,,,,,,,,,,,,,
530,Excadrill,0.7,89.1,40.4, Gray,Ground,Steel,,,,,,,,,,,,,,,,,,,,,,,,,,,
531,Audino,1.1,68.3,31.0, Pink,Normal,,,,,,,,,,,,,,,,,,,,,,,,,,,,
532,Timburr,0.6,27.6,12.5, Gray,Fighting,,,,,,,,,,,,,,,,,,,,,,,,,,,,
533,Gurdurr,1.2,88.2,40.0, Gray,Fighting,,,,,,,,,,,,,,,,,,,,,,,,,,,,
534,Conkeldurr,1.4,191.8,87.0, Brown,Fighting,,,,,,,,,,,,,,,,,,,,,,,,,,,,
535,Tympole,0.5,9.9,4.5, Blue,Water,,,,,,,,,,,,,,,,,,,,,,,,,,,,
536,Palpitoad,0.8,37.5,17.0, Blue,Water,Ground,,,,,,,,,,,,,,,,,,,,,,,,,,,
537,Seismitoad,1.5,136.7,62.0, Blue,Water,Ground,,,,,,,,,,,,,,,,,,,,,,,,,,,
538,Throh,1.3,122.4,55.5, Red,Fighting,,,,,,,,,,,,,,,,,,,,,,,,,,,,
539,Sawk,1.4,112.4,51.0, Blue,Fighting,,,,,,,,,,,,,,,,,,,,,,,,,,,,
540,Sewaddle,0.3,5.5,2.5, Yellow,Bug,Grass,,,,,,,,,,,,,,,,,,,,,,,,,,,
541,Swadloon,0.5,16.1,7.3, Green,Bug,Grass,,,,,,,,,,,,,,,,,,,,,,,,,,,
542,Leavanny,1.2,45.2,20.5, Yellow,Bug,Grass,,,,,,,,,,,,,,,,,,,,,,,,,,,
543,Venipede,0.4,11.7,5.3, Red,Bug,Poison,,,,,,,,,,,,,,,,,,,,,,,,,,,
544,Whirlipede,1.2,129.0,58.5, Gray,Bug,Poison,,,,,,,,,,,,,,,,,,,,,,,,,,,
545,Scolipede,2.5,442.0,200.5, Red,Bug,Poison,,,,,,,,,,,,,,,,,,,,,,,,,,,
546,Cottonee,0.3,1.3,0.6, Green,Grass,Fairy,,,,,,,,,,,,,,,,,,,,,,,,,,,
547,Whimsicott,0.7,14.6,6.6, Green,Grass,Fairy,,,,,,,,,,,,,,,,,,,,,,,,,,,
548,Petilil,0.5,14.6,6.6, Green,Grass,,,,,,,,,,,,,,,,,,,,,,,,,,,,
549,Lilligant,1.1,35.9,16.3, Green,Grass,,,,,,,,,,,,,,,,,,,,,,,,,,,,
550,Basculin,1.0,39.7,18.0, Green,Water,,,,,,,,,,,,,,,,,,,,,,,,,,,,
551,Sandile,0.7,33.5,15.2, Brown,Ground,Dark,,,,,,,,,,,,,,,,,,,,,,,,,,,
552,Krokorok,1.0,73.6,33.4, Brown,Ground,Dark,,,,,,,,,,,,,,,,,,,,,,,,,,,
553,Krookodile,1.5,212.3,96.3, Red,Ground,Dark,,,,,,,,,,,,,,,,,,,,,,,,,,,
554,Darumaka,0.6,82.7,37.5, Red,Fire,,,,,,,,,,,,,,,,,,,,,,,,,,,,
555,Darmanitan,1.3,204.8,92.9, Red,Fire,,,,,,,,,,,,,,,,,,,,,,,,,,,,
556,Maractus,1.0,61.7,28.0, Green,Grass,,,,,,,,,,,,,,,,,,,,,,,,,,,,
557,Dwebble,0.3,32.0,14.5, Red,Bug,Rock,,,,,,,,,,,,,,,,,,,,,,,,,,,
558,Crustle,1.4,440.9,200.0, Red,Bug,Rock,,,,,,,,,,,,,,,,,,,,,,,,,,,
559,Scraggy,0.6,26.0,11.8, Yellow,Dark,Fighting,,,,,,,,,,,,,,,,,,,,,,,,,,,
560,Scrafty,1.1,66.1,30.0, Red,Dark,Fighting,,,,,,,,,,,,,,,,,,,,,,,,,,,
561,Sigilyph,1.4,30.9,14.0, Black,Psychic,Flying,,,,,,,,,,,,,,,,,,,,,,,,,,,
562,Yamask,0.5,3.3,1.5, Black,Ghost,,,,,,,,,,,,,,,,,,,,,,,,,,,,
563,Cofagrigus,,,,,Ghost,,,,,,,,,,,,,,,,,,,,,,,,,,,,
564,Tirtouga,0.7,36.4,16.5, Blue,Water,Rock,,,,,,,,,,,,,,,,,,,,,,,,,,,
565,Carracosta,1.2,178.6,81.0, Blue,Water,Rock,,,,,,,,,,,,,,,,,,,,,,,,,,,
566,Archen,,,,,Rock,Flying,,,,,,,,,,,,,,,,,,,,,,,,,,,
567,Archeops,,,,,Rock,Flying,,,,,,,,,,,,,,,,,,,,,,,,,,,
568,Trubbish,0.6,68.3,31.0, Green,Poison,,,,,,,,,,,,,,,,,,,,,,,,,,,,
569,Garbodor,1.9,236.6,107.3, Green,Poison,,,,,,,,,,,,,,,,,,,,,,,,,,,,
570,Zorua,,,,,Dark,,,,,,,,,,,,,,,,,,,,,,,,,,,,
571,Zoroark,,,,,Dark,,,,,,,,,,,,,,,,,,,,,,,,,,,,
572,Minccino,0.4,12.8,5.8, Gray,Normal,,,,,,,,,,,,,,,,,,,,,,,,,,,,
573,Cinccino,0.5,16.5,7.5, Gray,Normal,,,,,,,,,,,,,,,,,,,,,,,,,,,,
574,Gothita,0.4,12.8,5.8, Purple,Psychic,,,,,,,,,,,,,,,,,,,,,,,,,,,,
575,Gothorita,0.7,39.7,18.0, Purple,Psychic,,,,,,,,,,,,,,,,,,,,,,,,,,,,
576,Gothitelle,1.5,97.0,44.0, Purple,Psychic,,,,,,,,,,,,,,,,,,,,,,,,,,,,
577,Solosis,0.3,2.2,1.0, Green,Psychic,,,,,,,,,,,,,,,,,,,,,,,,,,,,
578,Duosion,0.6,17.6,8.0, Green,Psychic,,,,,,,,,,,,,,,,,,,,,,,,,,,,
579,Reuniclus,1.0,44.3,20.1, Green,Psychic,,,,,,,,,,,,,,,,,,,,,,,,,,,,
580,Ducklett,0.5,12.1,5.5, Blue,Water,Flying,,,,,,,,,,,,,,,,,,,,,,,,,,,
581,Swanna,1.3,53.4,24.2, White,Water,Flying,,,,,,,,,,,,,,,,,,,,,,,,,,,
582,Vanillite,0.4,12.6,5.7, White,Ice,,,,,,,,,,,,,,,,,,,,,,,,,,,,
583,Vanillish,1.1,90.4,41.0, White,Ice,,,,,,,,,,,,,,,,,,,,,,,,,,,,
584,Vanilluxe,1.3,126.8,57.5, White,Ice,,,,,,,,,,,,,,,,,,,,,,,,,,,,
585,Deerling,0.6,43.0,19.5, Pink,Normal,Grass,,,,,,,,,,,,,,,,,,,,,,,,,,,
586,Sawsbuck,1.9,203.9,92.5, Brown,Normal,Grass,,,,,,,,,,,,,,,,,,,,,,,,,,,
587,Emolga,0.4,11.0,5.0, White,Electric,Flying,,,,,,,,,,,,,,,,,,,,,,,,,,,
588,Karrablast,0.5,13.0,5.9, Blue,Bug,,,,,,,,,,,,,,,,,,,,,,,,,,,,
589,Escavalier,1.0,72.8,33.0, Gray,Bug,Steel,,,,,,,,,,,,,,,,,,,,,,,,,,,
590,Foongus,0.2,2.2,1.0, White,Grass,Poison,,,,,,,,,,,,,,,,,,,,,,,,,,,
591,Amoonguss,0.6,23.1,10.5, White,Grass,Poison,,,,,,,,,,,,,,,,,,,,,,,,,,,
592,Frillish,1.2,72.8,33.0, White,Water,Ghost,,,,,,,,,,,,,,,,,,,,,,,,,,,
593,Jellicent,2.2,297.6,135.0, White,Water,Ghost,,,,,,,,,,,,,,,,,,,,,,,,,,,
594,Alomomola,1.2,69.7,31.6, Pink,Water,,,,,,,,,,,,,,,,,,,,,,,,,,,,
595,Joltik,0.1,1.3,0.6, Yellow,Bug,Electric,,,,,,,,,,,,,,,,,,,,,,,,,,,
596,Galvantula,0.8,31.5,14.3, Yellow,Bug,Electric,,,,,,,,,,,,,,,,,,,,,,,,,,,
597,Ferroseed,,,,,Grass,Steel,,,,,,,,,,,,,,,,,,,,,,,,,,,
598,Ferrothorn,1.0,242.5,110.0, Gray,Grass,Steel,,,,,,,,,,,,,,,,,,,,,,,,,,,
599,Klink,0.3,46.3,21.0, Gray,Steel,,,,,,,,,,,,,,,,,,,,,,,,,,,,
600,Klang,0.6,112.4,51.0, Gray,Steel,,,,,,,,,,,,,,,,,,,,,,,,,,,,
601,Klinklang,0.6,178.6,81.0, Gray,Steel,,,,,,,,,,,,,,,,,,,,,,,,,,,,
602,Tynamo,,,,,Electric,,,,,,,,,,,,,,,,,,,,,,,,,,,,
603,Eelektrik,,,,,Electric,,,,,,,,,,,,,,,,,,,,,,,,,,,,
604,Eelektross,,,,,Electric,,,,,,,,,,,,,,,,,,,,,,,,,,,,
605,Elgyem,0.5,19.8,9.0, Blue,Psychic,,,,,,,,,,,,,,,,,,,,,,,,,,,,
606,Beheeyem,1.0,76.1,34.5, Brown,Psychic,,,,,,,,,,,,,,,,,,,,,,,,,,,,
607,Litwick,0.3,6.8,3.1, White,Ghost,Fire,,,,,,,,,,,,,,,,,,,,,,,,,,,
608,Lampent,0.6,28.7,13.0, Black,Ghost,Fire,,,,,,,,,,,,,,,,,,,,,,,,,,,
609,Chandelure,1.0,75.6,34.3, Black,Ghost,Fire,,,,,,,,,,,,,,,,,,,,,,,,,,,
610,Axew,0.6,39.7,18.0, Green,Dragon,,,,,,,,,,,,,,,,,,,,,,,,,,,,
611,Fraxure,1.0,79.4,36.0, Green,Dragon,,,,,,,,,,,,,,,,,,,,,,,,,,,,
612,Haxorus,1.8,232.6,105.5, Yellow,Dragon,,,,,,,,,,,,,,,,,,,,,,,,,,,,
613,Cubchoo,0.5,18.7,8.5, White,Ice,,,,,,,,,,,,,,,,,,,,,,,,,,,,
614,Beartic,2.6,573.2,260.0, White,Ice,,,,,,,,,,,,,,,,,,,,,,,,,,,,
615,Cryogonal,,,,,Ice,,,,,,,,,,,,,,,,,,,,,,,,,,,,
616,Shelmet,0.4,17.0,7.7, Red,Bug,,,,,,,,,,,,,,,,,,,,,,,,,,,,
617,Accelgor,0.8,55.8,25.3, Red,Bug,,,,,,,,,,,,,,,,,,,,,,,,,,,,
618,Stunfisk,0.7,24.3,11.0, Brown,Ground,Electric,,,,,,,,,,,,,,,,,,,,,,,,,,,
619,Mienfoo,0.9,44.1,20.0, Yellow,Fighting,,,,,,,,,,,,,,,,,,,,,,,,,,,,
620,Mienshao,1.4,78.3,35.5, Purple,Fighting,,,,,,,,,,,,,,,,,,,,,,,,,,,,
621,Druddigon,1.6,306.4,139.0, Red,Dragon,,,,,,,,,,,,,,,,,,,,,,,,,,,,
622,Golett,1.0,202.8,92.0, Green,Ground,Ghost,,,,,,,,,,,,,,,,,,,,,,,,,,,
623,Golurk,2.8,727.5,330.0, Green,Ground,Ghost,,,,,,,,,,,,,,,,,,,,,,,,,,,
624,Pawniard,0.5,22.5,10.2, Red,Dark,Steel,,,,,,,,,,,,,,,,,,,,,,,,,,,
625,Bisharp,1.6,154.3,70.0, Red,Dark,Steel,,,,,,,,,,,,,,,,,,,,,,,,,,,
626,Bouffalant,1.6,208.6,94.6, Brown,Normal,,,,,,,,,,,,,,,,,,,,,,,,,,,,
627,Rufflet,0.5,23.1,10.5, White,Normal,Flying,,,,,,,,,,,,,,,,,,,,,,,,,,,
628,Braviary,1.5,90.4,41.0, Red,Normal,Flying,,,,,,,,,,,,,,,,,,,,,,,,,,,
629,Vullaby,0.5,19.8,9.0, Brown,Dark,Flying,,,,,,,,,,,,,,,,,,,,,,,,,,,
630,Mandibuzz,1.2,87.1,39.5, Brown,Dark,Flying,,,,,,,,,,,,,,,,,,,,,,,,,,,
631,Heatmor,1.4,127.9,58.0, Red,Fire,,,,,,,,,,,,,,,,,,,,,,,,,,,,
632,Durant,0.3,72.8,33.0, Gray,Bug,Steel,,,,,,,,,,,,,,,,,,,,,,,,,,,
633,Deino,,,,,Dark,Dragon,,,,,,,,,,,,,,,,,,,,,,,,,,,
634,Zweilous,,,,,Dark,Dragon,,,,,,,,,,,,,,,,,,,,,,,,,,,
635,Hydreigon,,,,,Dark,Dragon,,,,,,,,,,,,,,,,,,,,,,,,,,,
636,Larvesta,1.1,63.5,28.8, White,Bug,Fire,,,,,,,,,,,,,,,,,,,,,,,,,,,
637,Volcarona,1.6,101.4,46.0, White,Bug,Fire,,,,,,,,,,,,,,,,,,,,,,,,,,,
638,Cobalion,,,,,Steel,Fighting,,,,,,,,,,,,,,,,,,,,,,,,,,,
639,Terrakion,,,,,Rock,Fighting,,,,,,,,,,,,,,,,,,,,,,,,,,,
640,Virizion,,,,,Grass,Fighting,,,,,,,,,,,,,,,,,,,,,,,,,,,
641,Tornadus,1.5,138.9,63.0, Green,Flying,,,,,,,,,,,,,,,,,,,,,,,,,,,,
642,Thundurus,1.5,134.5,61.0, Blue,Electric,Flying,,,,,,,,,,,,,,,,,,,,,,,,,,,
643,Reshiram,,,,,Dragon,Fire,,,,,,,,,,,,,,,,,,,,,,,,,,,
644,Zekrom,,,,,Dragon,Electric,,,,,,,,,,,,,,,,,,,,,,,,,,,
645,Landorus,1.5,149.9,68.0, Brown,Ground,Flying,,,,,,,,,,,,,,,,,,,,,,,,,,,
646,Kyurem,3.0,716.5,325.0, Gray,Dragon,Ice,,,,,,,,,,,,,,,,,,,,,,,,,,,
647,Keldeo,,,,,Water,Fighting,,,,,,,,,,,,,,,,,,,,,,,,,,,
648,Meloetta,0.6,14.3,6.5, White,Normal,Psychic,,,,,,,,,,,,,,,,,,,,,,,,,,,
649,Genesect,,,,,Bug,Steel,,,,,,,,,,,,,,,,,,,,,,,,,,,
650,Chespin,0.4,19.8,9.0, Green,Grass,,,,,,,,,,,,,,,,,,,,,,,,,,,,
651,Quilladin,0.7,63.9,29.0, Green,Grass,,,,,,,,,,,,,,,,,,,,,,,,,,,,
652,Chesnaught,1.6,198.4,90.0, Green,Grass,Fighting,,,,,,,,,,,,,,,,,,,,,,,,,,,
653,Fennekin,0.4,20.7,9.4, Red,Fire,,,,,,,,,,,,,,,,,,,,,,,,,,,,
654,Braixen,1.0,32.0,14.5, Red,Fire,,,,,,,,,,,,,,,,,,,,,,,,,,,,
655,Delphox,1.5,86.0,39.0, Red,Fire,Psychic,,,,,,,,,,,,,,,,,,,,,,,,,,,
656,Froakie,0.3,15.4,7.0, Blue,Water,,,,,,,,,,,,,,,,,,,,,,,,,,,,
657,Frogadier,0.6,24.0,10.9, Blue,Water,,,,,,,,,,,,,,,,,,,,,,,,,,,,
658,Greninja,1.5,88.2,40.0, Blue,Water,Dark,,,,,,,,,,,,,,,,,,,,,,,,,,,
659,Bunnelby,0.4,11.0,5.0, Brown,Normal,,,,,,,,,,,,,,,,,,,,,,,,,,,,
660,Diggersby,1.0,93.5,42.4, Brown,Normal,Ground,,,,,,,,,,,,,,,,,,,,,,,,,,,
661,Fletchling,0.3,3.7,1.7, Red,Normal,Flying,,,,,,,,,,,,,,,,,,,,,,,,,,,
662,Fletchinder,0.7,35.3,16.0, Red,Fire,Flying,,,,,,,,,,,,,,,,,,,,,,,,,,,
663,Talonflame,1.2,54.0,24.5, Red,Fire,Flying,,,,,,,,,,,,,,,,,,,,,,,,,,,
664,Scatterbug,0.3,5.5,2.5, Black,Bug,,,,,,,,,,,,,,,,,,,,,,,,,,,,
665,Spewpa,0.3,18.5,8.4, Black,Bug,,,,,,,,,,,,,,,,,,,,,,,,,,,,
666,Vivillon,1.2,37.5,17.0, White,Bug,Flying,,,,,,,,,,,,,,,,,,,,,,,,,,,
667,Litleo,0.6,29.8,13.5, Brown,Fire,Normal,,,,,,,,,,,,,,,,,,,,,,,,,,,
668,Pyroar,1.5,179.7,81.5, Brown,Fire,Normal,,,,,,,,,,,,,,,,,,,,,,,,,,,
669,Flabébé,0.1,0.2,0.1, White,Fairy,,,,,,,,,,,,,,,,,,,,,,,,,,,,
670,Floette,0.2,2.0,0.9, White,Fairy,,,,,,,,,,,,,,,,,,,,,,,,,,,,
671,Florges,1.1,22.0,10.0, White,Fairy,,,,,,,,,,,,,,,,,,,,,,,,,,,,
672,Skiddo,0.9,68.3,31.0, Brown,Grass,,,,,,,,,,,,,,,,,,,,,,,,,,,,
673,Gogoat,1.7,200.6,91.0, Brown,Grass,,,,,,,,,,,,,,,,,,,,,,,,,,,,
674,Pancham,0.6,17.6,8.0, White,Fighting,,,,,,,,,,,,,,,,,,,,,,,,,,,,
675,Pangoro,2.1,299.8,136.0, White,Fighting,Dark,,,,,,,,,,,,,,,,,,,,,,,,,,,
676,Furfrou,,,,,Normal,,,,,,,,,,,,,,,,,,,,,,,,,,,,
677,Espurr,0.3,7.7,3.5, Gray,Psychic,,,,,,,,,,,,,,,,,,,,,,,,,,,,
678,Meowstic,0.6,18.7,8.5, Blue,Psychic,,,,,,,,,,,,,,,,,,,,,,,,,,,,
679,Honedge,,,,,Steel,Ghost,,,,,,,,,,,,,,,,,,,,,,,,,,,
680,Doublade,,,,,Steel,Ghost,,,,,,,,,,,,,,,,,,,,,,,,,,,
681,Aegislash,,,,,Steel,Ghost,,,,,,,,,,,,,,,,,,,,,,,,,,,
682,Spritzee,0.2,1.1,0.5, Pink,Fairy,,,,,,,,,,,,,,,,,,,,,,,,,,,,
683,Aromatisse,0.8,34.2,15.5, Pink,Fairy,,,,,,,,,,,,,,,,,,,,,,,,,,,,
684,Swirlix,0.4,7.7,3.5, White,Fairy,,,,,,,,,,,,,,,,,,,,,,,,,,,,
685,Slurpuff,0.8,11.0,5.0, White,Fairy,,,,,,,,,,,,,,,,,,,,,,,,,,,,
686,Inkay,0.4,7.7,3.5, Blue,Dark,Psychic,,,,,,,,,,,,,,,,,,,,,,,,,,,
687,Malamar,1.5,103.6,47.0, Blue,Dark,Psychic,,,,,,,,,,,,,,,,,,,,,,,,,,,
688,Binacle,0.5,68.3,31.0, Brown,Rock,Water,,,,,,,,,,,,,,,,,,,,,,,,,,,
689,Barbaracle,1.3,211.6,96.0, Brown,Rock,Water,,,,,,,,,,,,,,,,,,,,,,,,,,,
690,Skrelp,0.5,16.1,7.3, Brown,Poison,Water,,,,,,,,,,,,,,,,,,,,,,,,,,,
691,Dragalge,1.8,179.7,81.5, Brown,Poison,Dragon,,,,,,,,,,,,,,,,,,,,,,,,,,,
692,Clauncher,,,,,Water,,,,,,,,,,,,,,,,,,,,,,,,,,,,
693,Clawitzer,,,,,Water,,,,,,,,,,,,,,,,,,,,,,,,,,,,
694,Helioptile,0.5,13.2,6.0, Yellow,Electric,Normal,,,,,,,,,,,,,,,,,,,,,,,,,,,
695,Heliolisk,1.0,46.3,21.0, Yellow,Electric,Normal,,,,,,,,,,,,,,,,,,,,,,,,,,,
696,Tyrunt,0.8,57.3,26.0, Brown,Rock,Dragon,,,,,,,,,,,,,,,,,,,,,,,,,,,
697,Tyrantrum,2.5,595.2,270.0, Red,Rock,Dragon,,,,,,,,,,,,,,,,,,,,,,,,,,,
698,Amaura,1.3,55.6,25.2, Blue,Rock,Ice,,,,,,,,,,,,,,,,,,,,,,,,,,,
699,Aurorus,2.7,496.0,225.0, Blue,Rock,Ice,,,,,,,,,,,,,,,,,,,,,,,,,,,
700,Sylveon,1.0,51.8,23.5, Pink,Fairy,,,,,,,,,,,,,,,,,,,,,,,,,,,,
701,Hawlucha,0.8,47.4,21.5, Green,Fighting,Flying,,,,,,,,,,,,,,,,,,,,,,,,,,,
702,Dedenne,0.2,4.9,2.2, Yellow,Electric,Fairy,,,,,,,,,,,,,,,,,,,,,,,,,,,
703,Carbink,0.3,12.6,5.7, Gray,Rock,Fairy,,,,,,,,,,,,,,,,,,,,,,,,,,,
704,Goomy,0.3,6.2,2.8, Purple,Dragon,,,,,,,,,,,,,,,,,,,,,,,,,,,,
705,Sliggoo,0.8,38.6,17.5, Purple,Dragon,,,,,,,,,,,,,,,,,,,,,,,,,,,,
706,Goodra,2.0,331.8,150.5, Purple,Dragon,,,,,,,,,,,,,,,,,,,,,,,,,,,,
707,Klefki,0.2,6.6,3.0, Gray,Steel,Fairy,,,,,,,,,,,,,,,,,,,,,,,,,,,
708,Phantump,0.4,15.4,7.0, Brown,Ghost,Grass,,,,,,,,,,,,,,,,,,,,,,,,,,,
709,Trevenant,1.5,156.5,71.0, Brown,Ghost,Grass,,,,,,,,,,,,,,,,,,,,,,,,,,,
710,Pumpkaboo,0.3,7.7,3.5, Brown,Ghost,Grass,,,,,,,,,,,,,,,,,,,,,,,,,,,
711,Gourgeist,0.7,20.9,9.5, Brown,Ghost,Grass,,,,,,,,,,,,,,,,,,,,,,,,,,,
712,Bergmite,1.0,219.4,99.5, Blue,Ice,,,,,,,,,,,,,,,,,,,,,,,,,,,,
713,Avalugg,2.0,1113.3,505.0, Blue,Ice,,,,,,,,,,,,,,,,,,,,,,,,,,,,
714,Noibat,0.5,17.6,8.0, Purple,Flying,Dragon,,,,,,,,,,,,,,,,,,,,,,,,,,,
715,Noivern,1.5,187.4,85.0, Purple,Flying,Dragon,,,,,,,,,,,,,,,,,,,,,,,,,,,
716,Xerneas,,,,,Fairy,,,,,,,,,,,,,,,,,,,,,,,,,,,,
717,Yveltal,,,,,Dark,Flying,,,,,,,,,,,,,,,,,,,,,,,,,,,
718,Zygarde,5.0,672.4,305.0, Green,Dragon,Ground,,,,,,,,,,,,,,,,,,,,,,,,,,,
719,Diancie,0.7,19.4,8.8, Pink,Rock,Fairy,,,,,,,,,,,,,,,,,,,,,,,,,,,
720,Hoopa,0.5,19.8,9.0, Purple,Psychic,Ghost,,,,,,,,,,,,,,,,,,,,,,,,,,,
721,Volcanion,,,,,Fire,Water,,,,,,,,,,,,,,,,,,,,,,,,,,,
722,Rowlet,0.3,3.3,1.5, Brown,Grass,Flying,,,,,,,,,,,,,,,,,,,,,,,,,,,
723,Dartrix,0.7,35.3,16.0, Brown,Grass,Flying,,,,,,,,,,,,,,,,,,,,,,,,,,,
724,Decidueye,1.6,80.7,36.6, Brown,Grass,Ghost,,,,,,,,,,,,,,,,,,,,,,,,,,,
725,Litten,0.4,9.5,4.3, Red,Fire,,,,,,,,,,,,,,,,,,,,,,,,,,,,
726,Torracat,0.7,55.1,25.0, Red,Fire,,,,,,,,,,,,,,,,,,,,,,,,,,,,
727,Incineroar,1.8,183.0,83.0, Red,Fire,Dark,,,,,,,,,,,,,,,,,,,,,,,,,,,
728,Popplio,0.4,16.5,7.5, Blue,Water,,,,,,,,,,,,,,,,,,,,,,,,,,,,
729,Brionne,0.6,38.6,17.5, Blue,Water,,,,,,,,,,,,,,,,,,,,,,,,,,,,
730,Primarina,1.8,97.0,44.0, Blue,Water,Fairy,,,,,,,,,,,,,,,,,,,,,,,,,,,
731,Pikipek,0.3,2.6,1.2, Black,Normal,Flying,,,,,,,,,,,,,,,,,,,,,,,,,,,
732,Trumbeak,0.6,32.6,14.8, Black,Normal,Flying,,,,,,,,,,,,,,,,,,,,,,,,,,,
733,Toucannon,1.1,57.3,26.0, Black,Normal,Flying,,,,,,,,,,,,,,,,,,,,,,,,,,,
734,Yungoos,0.4,13.2,6.0, Brown,Normal,,,,,,,,,,,,,,,,,,,,,,,,,,,,
735,Gumshoos,0.7,31.3,14.2, Brown,Normal,,,,,,,,,,,,,,,,,,,,,,,,,,,,
736,Grubbin,,,,,Bug,,,,,,,,,,,,,,,,,,,,,,,,,,,,
737,Charjabug,,,,,Bug,Electric,,,,,,,,,,,,,,,,,,,,,,,,,,,
738,Vikavolt,,,,,Bug,Electric,,,,,,,,,,,,,,,,,,,,,,,,,,,
739,Crabrawler,0.6,15.4,7.0, Purple,Fighting,,,,,,,,,,,,,,,,,,,,,,,,,,,,
740,Crabominable,1.7,396.8,180.0, White,Fighting,Ice,,,,,,,,,,,,,,,,,,,,,,,,,,,
741,Oricorio,0.6,7.5,3.4, Red,Fire,Flying,,,,,,,,,,,,,,,,,,,,,,,,,,,
742,Cutiefly,0.1,0.4,0.2, Yellow,Bug,Fairy,,,,,,,,,,,,,,,,,,,,,,,,,,,
743,Ribombee,0.2,1.1,0.5, Yellow,Bug,Fairy,,,,,,,,,,,,,,,,,,,,,,,,,,,
744,Rockruff,0.5,20.3,9.2, Brown,Rock,,,,,,,,,,,,,,,,,,,,,,,,,,,,
745,Lycanroc,0.8,55.1,25.0, Brown,Rock,,,,,,,,,,,,,,,,,,,,,,,,,,,,
746,Wishiwashi,,,,,Water,,,,,,,,,,,,,,,,,,,,,,,,,,,,
747,Mareanie,0.4,17.6,8.0, Blue,Poison,Water,,,,,,,,,,,,,,,,,,,,,,,,,,,
748,Toxapex,0.7,32.0,14.5, Blue,Poison,Water,,,,,,,,,,,,,,,,,,,,,,,,,,,
749,Mudbray,1.0,242.5,110.0, Brown,Ground,,,,,,,,,,,,,,,,,,,,,,,,,,,,
750,Mudsdale,2.5,2028.3,920.0, Brown,Ground,,,,,,,,,,,,,,,,,,,,,,,,,,,,
751,Dewpider,0.3,8.8,4.0, Green,Water,Bug,,,,,,,,,,,,,,,,,,,,,,,,,,,
752,Araquanid,1.8,180.8,82.0, Green,Water,Bug,,,,,,,,,,,,,,,,,,,,,,,,,,,
753,Fomantis,0.3,3.3,1.5, Pink,Grass,,,,,,,,,,,,,,,,,,,,,,,,,,,,
754,Lurantis,0.9,40.8,18.5, Pink,Grass,,,,,,,,,,,,,,,,,,,,,,,,,,,,
755,Morelull,0.2,3.3,1.5, Purple,Grass,Fairy,,,,,,,,,,,,,,,,,,,,,,,,,,,
756,Shiinotic,1.0,25.4,11.5, Purple,Grass,Fairy,,,,,,,,,,,,,,,,,,,,,,,,,,,
757,Salandit,0.6,10.6,4.8, Black,Poison,Fire,,,,,,,,,,,,,,,,,,,,,,,,,,,
758,Salazzle,1.2,48.9,22.2, Black,Poison,Fire,,,,,,,,,,,,,,,,,,,,,,,,,,,
759,Stufful,0.5,15.0,6.8, Pink,Normal,Fighting,,,,,,,,,,,,,,,,,,,,,,,,,,,
760,Bewear,2.1,297.6,135.0, Pink,Normal,Fighting,,,,,,,,,,,,,,,,,,,,,,,,,,,
761,Bounsweet,0.3,7.1,3.2, Purple,Grass,,,,,,,,,,,,,,,,,,,,,,,,,,,,
762,Steenee,0.7,18.1,8.2, Purple,Grass,,,,,,,,,,,,,,,,,,,,,,,,,,,,
763,Tsareena,1.2,47.2,21.4, Purple,Grass,,,,,,,,,,,,,,,,,,,,,,,,,,,,
764,Comfey,0.1,0.7,0.3, Green,Fairy,,,,,,,,,,,,,,,,,,,,,,,,,,,,
765,Oranguru,1.5,167.6,76.0, White,Normal,Psychic,,,,,,,,,,,,,,,,,,,,,,,,,,,
766,Passimian,2.0,182.5,82.8, White,Fighting,,,,,,,,,,,,,,,,,,,,,,,,,,,,
767,Wimpod,,,,,Bug,Water,,,,,,,,,,,,,,,,,,,,,,,,,,,
768,Golisopod,,,,,Bug,Water,,,,,,,,,,,,,,,,,,,,,,,,,,,
769,Sandygast,0.5,154.3,70.0, Brown,Ghost,Ground,,,,,,,,,,,,,,,,,,,,,,,,,,,
770,Palossand,1.3,551.2,250.0, Brown,Ghost,Ground,,,,,,,,,,,,,,,,,,,,,,,,,,,
771,Pyukumuku,0.3,2.6,1.2, Black,Water,,,,,,,,,,,,,,,,,,,,,,,,,,,,
772,Type: Null,,,,,Normal,,,,,,,,,,,,,,,,,,,,,,,,,,,,
773,Silvally,,,,,Normal,,,,,,,,,,,,,,,,,,,,,,,,,,,,
774,Minior,,,,,Rock,Flying,,,,,,,,,,,,,,,,,,,,,,,,,,,
775,Komala,,,,,Normal,,,,,,,,,,,,,,,,,,,,,,,,,,,,
776,Turtonator,,,,,Fire,Dragon,,,,,,,,,,,,,,,,,,,,,,,,,,,
777,Togedemaru,0.3,7.3,3.3, Gray,Electric,Steel,,,,,,,,,,,,,,,,,,,,,,,,,,,
778,Mimikyu,,,,,Ghost,Fairy,,,,,,,,,,,,,,,,,,,,,,,,,,,
779,Bruxish,0.9,41.9,19.0, Pink,Water,Psychic,,,,,,,,,,,,,,,,,,,,,,,,,,,
780,Drampa,3.0,407.9,185.0, White,Normal,Dragon,,,,,,,,,,,,,,,,,,,,,,,,,,,
781,Dhelmise,,,,,Ghost,Grass,,,,,,,,,,,,,,,,,,,,,,,,,,,
782,Jangmo-o,0.6,65.5,29.7, Gray,Dragon,,,,,,,,,,,,,,,,,,,,,,,,,,,,
783,Hakamo-o,1.2,103.6,47.0, Gray,Dragon,Fighting,,,,,,,,,,,,,,,,,,,,,,,,,,,
784,Kommo-o,1.6,172.4,78.2, Gray,Dragon,Fighting,,,,,,,,,,,,,,,,,,,,,,,,,,,
785,Tapu Koko,1.8,45.2,20.5, Yellow,Electric,Fairy,,,,,,,,,,,,,,,,,,,,,,,,,,,
786,Tapu Lele,1.2,41.0,18.6, Pink,Psychic,Fairy,,,,,,,,,,,,,,,,,,,,,,,,,,,
787,Tapu Bulu,1.9,100.3,45.5, Red,Grass,Fairy,,,,,,,,,,,,,,,,,,,,,,,,,,,
788,Tapu Fini,1.3,46.7,21.2, Purple,Water,Fairy,,,,,,,,,,,,,,,,,,,,,,,,,,,
789,Cosmog,,,,,Psychic,,,,,,,,,,,,,,,,,,,,,,,,,,,,
790,Cosmoem,,,,,Psychic,,,,,,,,,,,,,,,,,,,,,,,,,,,,
791,Solgaleo,,,,,Psychic,Steel,,,,,,,,,,,,,,,,,,,,,,,,,,,
792,Lunala,,,,,Psychic,Ghost,,,,,,,,,,,,,,,,,,,,,,,,,,,
793,Nihilego,,,,,Rock,Poison,,,,,,,,,,,,,,,,,,,,,,,,,,,
794,Buzzwole,,,,,Bug,Fighting,,,,,,,,,,,,,,,,,,,,,,,,,,,
795,Pheromosa,,,,,Bug,Fighting,,,,,,,,,,,,,,,,,,,,,,,,,,,
796,Xurkitree,,,,,Electric,,,,,,,,,,,,,,,,,,,,,,,,,,,,
797,Celesteela,,,,,Steel,Flying,,,,,,,,,,,,,,,,,,,,,,,,,,,
799,Guzzlord,,,,,Dark,Dragon,,,,,,,,,,,,,,,,,,,,,,,,,,,
800,Necrozma,2.4,507.1,230.0, Black,Psychic,,,,,,,,,,,,,,,,,,,,,,,,,,,,
801,Magearna,,,,,Steel,Fairy,,,,,,,,,,,,,,,,,,,,,,,,,,,
802,Marshadow,,,,,Fighting,Ghost,,,,,,,,,,,,,,,,,,,,,,,,,,,
803,Poipole,,,,,Poison,,,,,,,,,,,,,,,,,,,,,,,,,,,,
804,Naganadel,,,,,Poison,Dragon,,,,,,,,,,,,,,,,,,,,,,,,,,,
805,Stakataka,,,,,Rock,Steel,,,,,,,,,,,,,,,,,,,,,,,,,,,
806,Blacephalon,,,,,Fire,Ghost,,,,,,,,,,,,,,,,,,,,,,,,,,,
807,Zeraora,,,,,Electric,,,,,,,,,,,,,,,,,,,,,,,,,,,,
808,Meltan,,,,,Steel,,,,,,,,,,,,,,,,,,,,,,,,,,,,
809,Melmetal,,,,,Steel,,,,,,,,,,,,,,,,,,,,,,,,,,,,
810,Grookey,0.3,11.0,5.0, Green,Grass,,,,,,,,,,,,,,,,,,,,,,,,,,,,
811,Thwackey,0.7,30.9,14.0, Green,Grass,,,,,,,,,,,,,,,,,,,,,,,,,,,,
812,Rillaboom,2.1,198.4,90.0, Green,Grass,,,,,,,,,,,,,,,,,,,,,,,,,,,,
813,Scorbunny,0.3,9.9,4.5, White,Fire,,,,,,,,,,,,,,,,,,,,,,,,,,,,
814,Raboot,0.6,19.8,9.0, Gray,Fire,,,,,,,,,,,,,,,,,,,,,,,,,,,,
815,Cinderace,1.4,72.8,33.0, White,Fire,,,,,,,,,,,,,,,,,,,,,,,,,,,,
816,Sobble,0.3,8.8,4.0, Blue,Water,,,,,,,,,,,,,,,,,,,,,,,,,,,,
817,Drizzile,0.7,25.4,11.5, Blue,Water,,,,,,,,,,,,,,,,,,,,,,,,,,,,
818,Inteleon,1.9,99.6,45.2, Blue,Water,,,,,,,,,,,,,,,,,,,,,,,,,,,,
819,Skwovet,0.3,5.5,2.5, Brown,Normal,,,,,,,,,,,,,,,,,,,,,,,,,,,,
820,Greedent,0.6,13.2,6.0, Brown,Normal,,,,,,,,,,,,,,,,,,,,,,,,,,,,
821,Rookidee,0.2,4.0,1.8, Blue,Flying,,,,,,,,,,,,,,,,,,,,,,,,,,,,
822,Corvisquire,0.8,35.3,16.0, Blue,Flying,,,,,,,,,,,,,,,,,,,,,,,,,,,,
823,Corviknight,2.2,165.3,75.0, Purple,Flying,Steel,,,,,,,,,,,,,,,,,,,,,,,,,,,
824,Blipbug,0.4,17.6,8.0, Blue,Bug,,,,,,,,,,,,,,,,,,,,,,,,,,,,
825,Dottler,0.4,43.0,19.5, Yellow,Bug,Psychic,,,,,,,,,,,,,,,,,,,,,,,,,,,
826,Orbeetle,0.4,89.9,40.8, Red,Bug,Psychic,,,,,,,,,,,,,,,,,,,,,,,,,,,
827,Nickit,0.6,19.6,8.9, Brown,Dark,,,,,,,,,,,,,,,,,,,,,,,,,,,,
828,Thievul,1.2,43.9,19.9, Brown,Dark,,,,,,,,,,,,,,,,,,,,,,,,,,,,
829,Gossifleur,0.4,4.9,2.2, Green,Grass,,,,,,,,,,,,,,,,,,,,,,,,,,,,
830,Eldegoss,0.5,5.5,2.5, Green,Grass,,,,,,,,,,,,,,,,,,,,,,,,,,,,
831,Wooloo,0.6,13.2,6.0, White,Normal,,,,,,,,,,,,,,,,,,,,,,,,,,,,
832,Dubwool,1.3,94.8,43.0, White,Normal,,,,,,,,,,,,,,,,,,,,,,,,,,,,
833,Chewtle,0.3,18.7,8.5, Green,Water,,,,,,,,,,,,,,,,,,,,,,,,,,,,
834,Drednaw,1.0,254.6,115.5, Green,Water,Rock,,,,,,,,,,,,,,,,,,,,,,,,,,,
835,Yamper,0.3,29.8,13.5, Yellow,Electric,,,,,,,,,,,,,,,,,,,,,,,,,,,,
836,Boltund,1.0,75.0,34.0, Yellow,Electric,,,,,,,,,,,,,,,,,,,,,,,,,,,,
837,Rolycoly,0.3,26.5,12.0, Black,Rock,,,,,,,,,,,,,,,,,,,,,,,,,,,,
838,Carkol,1.1,172.0,78.0, Black,Rock,Fire,,,,,,,,,,,,,,,,,,,,,,,,,,,
839,Coalossal,2.8,684.5,310.5, Black,Rock,Fire,,,,,,,,,,,,,,,,,,,,,,,,,,,
840,Applin,0.2,1.1,0.5, Green,Grass,Dragon,,,,,,,,,,,,,,,,,,,,,,,,,,,
841,Flapple,0.3,2.2,1.0, Green,Grass,Dragon,,,,,,,,,,,,,,,,,,,,,,,,,,,
842,Appletun,0.4,28.7,13.0, Green,Grass,Dragon,,,,,,,,,,,,,,,,,,,,,,,,,,,
843,Silicobra,2.2,16.8,7.6, Green,Ground,,,,,,,,,,,,,,,,,,,,,,,,,,,,
844,Sandaconda,3.8,144.4,65.5, Green,Ground,,,,,,,,,,,,,,,,,,,,,,,,,,,,
845,Cramorant,,,,,Flying,Water,,,,,,,,,,,,,,,,,,,,,,,,,,,
846,Arrokuda,0.5,2.2,1.0, Brown,Water,,,,,,,,,,,,,,,,,,,,,,,,,,,,
847,Barraskewda,1.3,66.1,30.0, Brown,Water,,,,,,,,,,,,,,,,,,,,,,,,,,,,
848,Toxel,0.4,24.3,11.0, Purple,Electric,Poison,,,,,,,,,,,,,,,,,,,,,,,,,,,
849,Toxtricity,1.6,88.2,40.0, Purple,Electric,Poison,,,,,,,,,,,,,,,,,,,,,,,,,,,
850,Sizzlipede,0.7,2.2,1.0, Red,Fire,Bug,,,,,,,,,,,,,,,,,,,,,,,,,,,
851,Centiskorch,3.0,264.6,120.0, Red,Fire,Bug,,,,,,,,,,,,,,,,,,,,,,,,,,,
852,Clobbopus,0.6,8.8,4.0, Brown,Fighting,,,,,,,,,,,,,,,,,,,,,,,,,,,,
853,Grapploct,1.6,86.0,39.0, Blue,Fighting,,,,,,,,,,,,,,,,,,,,,,,,,,,,
854,Sinistea,0.1,0.4,0.2, Purple,Ghost,,,,,,,,,,,,,,,,,,,,,,,,,,,,
856,Hatenna,0.4,7.5,3.4, Pink,Psychic,,,,,,,,,,,,,,,,,,,,,,,,,,,,
857,Hattrem,0.6,10.6,4.8, Pink,Psychic,,,,,,,,,,,,,,,,,,,,,,,,,,,,
858,Hatterene,2.1,11.2,5.1, Pink,Psychic,Fairy,,,,,,,,,,,,,,,,,,,,,,,,,,,
859,Impidimp,0.4,12.1,5.5, Pink,Dark,Fairy,,,,,,,,,,,,,,,,,,,,,,,,,,,
860,Morgrem,0.8,27.6,12.5, Pink,Dark,Fairy,,,,,,,,,,,,,,,,,,,,,,,,,,,
861,Grimmsnarl,1.5,134.5,61.0, Purple,Dark,Fairy,,,,,,,,,,,,,,,,,,,,,,,,,,,
862,Obstagoon,1.6,101.4,46.0, Gray,Dark,Normal,,,,,,,,,,,,,,,,,,,,,,,,,,,
863,Perrserker,0.8,61.7,28.0, Brown,Steel,,,,,,,,,,,,,,,,,,,,,,,,,,,,
864,Cursola,1.0,0.9,0.4, White,Ghost,,,,,,,,,,,,,,,,,,,,,,,,,,,,
865,Sirfetch'd,0.8,257.9,117.0, White,Fighting,,,,,,,,,,,,,,,,,,,,,,,,,,,,
866,Mr. Rime,1.5,128.3,58.2, Purple,Ice,Psychic,,,,,,,,,,,,,,,,,,,,,,,,,,,
867,Runerigus,,,,,Ground,Ghost,,,,,,,,,,,,,,,,,,,,,,,,,,,
868,Milcery,0.2,0.7,0.3, White,Fairy,,,,,,,,,,,,,,,,,,,,,,,,,,,,
869,Alcremie,0.3,1.1,0.5, White,Fairy,,,,,,,,,,,,,,,,,,,,,,,,,,,,
870,Falinks,3.0,136.7,62.0, Yellow,Fighting,,,,,,,,,,,,,,,,,,,,,,,,,,,,
871,Pincurchin,0.3,2.2,1.0, Purple,Electric,,,,,,,,,,,,,,,,,,,,,,,,,,,,
872,Snom,0.3,8.4,3.8, White,Ice,Bug,,,,,,,,,,,,,,,,,,,,,,,,,,,
873,Frosmoth,1.3,92.6,42.0, White,Ice,Bug,,,,,,,,,,,,,,,,,,,,,,,,,,,
874,Stonjourner,,,,,Rock,,,,,,,,,,,,,,,,,,,,,,,,,,,,
875,Eiscue,,,,,Ice,,,,,,,,,,,,,,,,,,,,,,,,,,,,
876,Indeedee,0.9,61.7,28.0, Purple,Psychic,Normal,,,,,,,,,,,,,,,,,,,,,,,,,,,
877,Morpeko,,,,,Electric,Dark,,,,,,,,,,,,,,,,,,,,,,,,,,,
878,Cufant,1.2,220.5,100.0, Yellow,Steel,,,,,,,,,,,,,,,,,,,,,,,,,,,,
879,Copperajah,3.0,1433.0,650.0, Green,Steel,,,,,,,,,,,,,,,,,,,,,,,,,,,,
880,Dracozolt,1.8,418.9,190.0, Green,Electric,Dragon,,,,,,,,,,,,,,,,,,,,,,,,,,,
881,Arctozolt,2.3,330.7,150.0, Blue,Electric,Ice,,,,,,,,,,,,,,,,,,,,,,,,,,,
882,Dracovish,2.3,474.0,215.0, Green,Water,Dragon,,,,,,,,,,,,,,,,,,,,,,,,,,,
883,Arctovish,2.0,385.8,175.0, Blue,Water,Ice,,,,,,,,,,,,,,,,,,,,,,,,,,,
884,Duraludon,1.8,88.2,40.0, White,Steel,Dragon,,,,,,,,,,,,,,,,,,,,,,,,,,,
885,Dreepy,0.5,4.4,2.0, Green,Dragon,Ghost,,,,,,,,,,,,,,,,,,,,,,,,,,,
886,Drakloak,1.4,24.3,11.0, Green,Dragon,Ghost,,,,,,,,,,,,,,,,,,,,,,,,,,,
887,Dragapult,3.0,110.2,50.0, Green,Dragon,Ghost,,,,,,,,,,,,,,,,,,,,,,,,,,,
888,Zacian,2.8,242.5,110.0, Blue,Fairy,,,,,,,,,,,,,,,,,,,,,,,,,,,,
889,Zamazenta,2.9,463.0,210.0, Red,Fighting,,,,,,,,,,,,,,,,,,,,,,,,,,,,
890,Eternatus,,,,,Poison,Dragon,,,,,,,,,,,,,,,,,,,,,,,,,,,
891,Kubfu,,,,,Fighting,,,,,,,,,,,,,,,,,,,,,,,,,,,,
892,Urshifu,1.9,231.5,105.0, Gray,Fighting,Dark,,,,,,,,,,,,,,,,,,,,,,,,,,,
893,Zarude,,,,,Dark,Grass,,,,,,,,,,,,,,,,,,,,,,,,,,,
894,Regieleki,,,,,Electric,,,,,,,,,,,,,,,,,,,,,,,,,,,,
895,Regidrago,,,,,Dragon,,,,,,,,,,,,,,,,,,,,,,,,,,,,
896,Glastrier,,,,,Ice,,,,,,,,,,,,,,,,,,,,,,,,,,,,
897,Spectrier,,,,,Ghost,,,,,,,,,,,,,,,,,,,,,,,,,,,,
898,Calyrex,1.1,17.0,7.7, Green,Psychic,Grass,,,,,,,,,,,,,,,,,,,,,,,,,,,
